地区名1,地区名2,地区名3,地区名4,地区名5,備考,雑ごみ,普通ごみ_収集時間要問合せ,普通ごみ_午前,普通ごみ_午後,普通ごみ_8:30~10:30,普通ごみ_9:00~11:00,普通ごみ_9:30~11:30,普通ごみ_10:00~12:00,普通ごみ_10:30~12:30,普通ごみ_11:00~13:00,普通ごみ_11:30~13:30,普通ごみ_12:00~14:00,普通ごみ_12:30~14:30,普通ごみ_13:00~15:00,普通ごみ_13:30~15:30,普通ごみ_14:00~16:00,普通ごみ_14:30~16:30,資源ごみ_収集時間要問合せ,資源ごみ_午前,資源ごみ_午後,資源ごみ_8:30~10:30,資源ごみ_9:00~11:00,資源ごみ_9:30~11:30,資源ごみ_10:00~12:00,資源ごみ_10:30~12:30,資源ごみ_11:00~13:00,資源ごみ_11:30~13:30,資源ごみ_12:00~14:00,資源ごみ_12:30~14:30,資源ごみ_13:00~15:00,資源ごみ_13:30~15:30,資源ごみ_14:00~16:00,資源ごみ_14:30~16:30,容器包装プラスチック_収集時間要問合せ,容器包装プラスチック_午前,容器包装プラスチック_午後,容器包装プラスチック_8:30~10:30,容器包装プラスチック_9:00~11:00,容器包装プラスチック_9:30~11:30,容器包装プラスチック_10:00~12:00,容器包装プラスチック_10:30~12:30,容器包装プラスチック_11:00~13:00,容器包装プラスチック_11:30~13:30,容器包装プラスチック_12:00~14:00,容器包装プラスチック_12:30~14:30,容器包装プラスチック_13:00~15:00,容器包装プラスチック_13:30~15:30,容器包装プラスチック_14:00~16:00,容器包装プラスチック_14:30~16:30,古紙衣類_収集時間要問合せ,古紙衣類_午前,古紙衣類_午後,古紙衣類_8:30~10:30,古紙衣類_9:00~11:00,古紙衣類_9:30~11:30,古紙衣類_10:00~12:00,古紙衣類_10:30~12:30,古紙衣類_11:00~13:00,古紙衣類_11:30~13:30,古紙衣類_12:00~14:00,古紙衣類_12:30~14:30,古紙衣類_13:00~15:00,古紙衣類_13:30~15:30,古紙衣類_14:00~16:00,古紙衣類_14:30~16:30
西淀川区,歌島,1丁目,1番,,,,,,,月木,,,,,,,,,,,,,,,,,,,,,,,,,金,,,,,,,,,,,,,,,,火,,,,,,,,,,,,,,,,水,,,
西淀川区,歌島,1丁目,2番,,,,,,,月木,,,,,,,,,,,,,,,,,,,,,,,,,,金,,,,,,,,,,,,,,,,火,,,,,,,,,,,,,,,水,,,
西淀川区,歌島,1丁目,3番,,,,,,,月木,,,,,,,,,,,,,,,,,,,,,,,,,,金,,,,,,,,,,,,,,,,火,,,,,,,,,,,,,,,水,,,
西淀川区,歌島,1丁目,4番,,,,,,,,月木,,,,,,,,,,,,,,,,,,,,,,,,金,,,,,,,,,,,,,,,,火,,,,,,,,,,,,,,,,水,,,
西淀川区,歌島,1丁目,5番,,,,,,,,月木,,,,,,,,,,,,,,,,,,,,,,,,金,,,,,,,,,,,,,,,,火,,,,,,,,,,,,,,,,,水,,
西淀川区,歌島,1丁目,6番,,,,,,,月木,,,,,,,,,,,,,,,,,,,,,,,,,金,,,,,,,,,,,,,,,,火,,,,,,,,,,,,,,,,,水,,
西淀川区,歌島,1丁目,7番,,,,,,,月木,,,,,,,,,,,,,,,,,,,,,,,,,,,金,,,,,,,,,,,,,,火,,,,,,,,,,,,,,,,,水,,
西淀川区,歌島,1丁目,8番,,,,,,,月木,,,,,,,,,,,,,,,,,,,,,,,,,,,金,,,,,,,,,,,,,,,火,,,,,,,,,,,,,,,,水,,
西淀川区,歌島,1丁目,9番,,,,,,,月木,,,,,,,,,,,,,,,,,,,,,,,,,,,金,,,,,,,,,,,,,,,,火,,,,,,,,,,,,,,,水,,
西淀川区,歌島,1丁目,10番,,,,,,,,月木,,,,,,,,,,,,,,,,,,,,,,,,,,金,,,,,,,,,,,,,,,火,,,,,,,,,,,,,,,,水,,
西淀川区,歌島,1丁目,11番,,,,,,,,月木,,,,,,,,,,,,,,,,,,,,,,,,,金,,,,,,,,,,,,,,,,火,,,,,,,,,,,,,,,,水,,
西淀川区,歌島,1丁目,12番,,,,,,,,月木,,,,,,,,,,,,,,,,,,,,,,,,,金,,,,,,,,,,,,,,,,火,,,,,,,,,,,,,,,,水,,
西淀川区,歌島,1丁目,13番,,,,,,,月木,,,,,,,,,,,,,,,,,,,,,,,,,金,,,,,,,,,,,,,,,,火,,,,,,,,,,,,,,,,,,水,
西淀川区,歌島,1丁目,14番,,,,,,,,,,,,月木,,,,,,,,,,,,,,,,,,,,金,,,,,,,,,,,,,,,,火,,,,,,,,,,,,,,,,,水,,
西淀川区,歌島,1丁目,15番,,,,,,,,,,,,月木,,,,,,,,,,,,,,,,,,,,金,,,,,,,,,,,,,,,,火,,,,,,,,,,,,,,,,,水,,
西淀川区,歌島,1丁目,16番,,,,,,,,,,,,月木,,,,,,,,,,,,,,,,,,,,金,,,,,,,,,,,,,,,,火,,,,,,,,,,,,,,,,,,水,
西淀川区,歌島,1丁目,17番,,,,,,,,,,,,月木,,,,,,,,,,,,,,,,,,,,金,,,,,,,,,,,,,,,,火,,,,,,,,,,,,,,,,,水,,
西淀川区,歌島,1丁目,18番,,,,,,,,,,,,月木,,,,,,,,,,,,,,,,,,,,,金,,,,,,,,,,,,,,,,火,,,,,,,,,,,,,,,,,水,
西淀川区,歌島,1丁目,19番,,,,,,,,,,,,月木,,,,,,,,,,,,,,,,,,,,,金,,,,,,,,,,,,,,,火,,,,,,,,,,,,,,,,,,水,
西淀川区,歌島,1丁目,20番,,,,,,,,,,,,月木,,,,,,,,,,,,,,,,,,,,金,,,,,,,,,,,,,,,,火,,,,,,,,,,,,,,,,,,水,
西淀川区,歌島,1丁目,21番,,,,,,,,,,,月木,,,,,,,,,,,,,,,,,,,,,,金,,,,,,,,,,,,,,,火,,,,,,,,,,,,,,,,,,水,
西淀川区,歌島,1丁目,22番,,,,,,,,,,,,月木,,,,,,,,,,,,,,,,,,,,,金,,,,,,,,,,,,,,,,火,,,,,,,,,,,,,,,,,水,
西淀川区,歌島,1丁目,23番,,,,,,,,,,,,月木,,,,,,,,,,,,,,,,,,,,,金,,,,,,,,,,,,,,,,火,,,,,,,,,,,,,,,,,水,
西淀川区,歌島,1丁目,24番,,,,,,,,,,,月木,,,,,,,,,,,,,,,,,,,,,,金,,,,,,,,,,,,,,,,火,,,,,,,,,,,,,,,,,水,
西淀川区,歌島,1丁目,25番,,,,,,,,,,,月木,,,,,,,,,,,,,,,,,,,,,,金,,,,,,,,,,,,,,,,火,,,,,,,,,,,,,,,,,水,
西淀川区,歌島,2丁目,1番,,,,,,,月木,,,,,,,,,,,,,,,,,,,,,,,,,金,,,,,,,,,,,,,,,,火,,,,,,,,,,,,,,,,,,金,
西淀川区,歌島,2丁目,2番,,,,,,,,月木,,,,,,,,,,,,,,,,,,,,,,,,金,,,,,,,,,,,,,,,,,火,,,,,,,,,,,,,,,,,金,
西淀川区,歌島,2丁目,3番,,,,,,,月木,,,,,,,,,,,,,,,,,,,,,,,,,金,,,,,,,,,,,,,,,,火,,,,,,,,,,,,,,,,,,金,
西淀川区,歌島,2丁目,4番,,,,,,,月木,,,,,,,,,,,,,,,,,,,,,,,,金,,,,,,,,,,,,,,,,,火,,,,,,,,,,,,,,,,,金,,
西淀川区,歌島,2丁目,5番,,,,,,,月木,,,,,,,,,,,,,,,,,,,,,,,,金,,,,,,,,,,,,,,,,,,,火,,,,,,,,,,,,,,,,金,
西淀川区,歌島,2丁目,6番,,,,,,,月木,,,,,,,,,,,,,,,,,,,,,,,,,金,,,,,,,,,,,,,,,,火,,,,,,,,,,,,,,,,,,金,
西淀川区,歌島,2丁目,7番,,,,,,,月木,,,,,,,,,,,,,,,,,,,,,,,,,金,,,,,,,,,,,,,,,,火,,,,,,,,,,,,,,,,,,金,
西淀川区,歌島,2丁目,8番,,,,,,,,月木,,,,,,,,,,,,,,,,,,,,,,,,,金,,,,,,,,,,,,,,,,火,,,,,,,,,,,,,,,,,金,
西淀川区,歌島,2丁目,9番,,,,,,,月木,,,,,,,,,,,,,,,,,,,,,,,,,,金,,,,,,,,,,,,,,,火,,,,,,,,,,,,,,,,,,金,
西淀川区,歌島,2丁目,10番,,,,,,,月木,,,,,,,,,,,,,,,,,,,,,,,,,金,,,,,,,,,,,,,,,,火,,,,,,,,,,,,,,,,,,金,
西淀川区,歌島,2丁目,12番,,,,,,,,月木,,,,,,,,,,,,,,,,,,,,,,,,金,,,,,,,,,,,,,,,,火,,,,,,,,,,,,,,,,,,金,
西淀川区,歌島,3丁目,2番,,,,,,,月木,,,,,,,,,,,,,,,,,,,,,,,,,,金,,,,,,,,,,,,,,火,,,,,,,,,,,,,,,,,金,,,
西淀川区,歌島,3丁目,3番,,,,,,,月木,,,,,,,,,,,,,,,,,,,,,,,,,金,,,,,,,,,,,,,,,,火,,,,,,,,,,,,,,,,金,,,
西淀川区,歌島,3丁目,4番,,,,,,,月木,,,,,,,,,,,,,,,,,,,,,,,,,,金,,,,,,,,,,,,,,,,火,,,,,,,,,,,,,,,金,,,
西淀川区,歌島,3丁目,5番,,,,,,,月木,,,,,,,,,,,,,,,,,,,,,,,,,,金,,,,,,,,,,,,,,,,火,,,,,,,,,,,,,,,金,,,
西淀川区,歌島,3丁目,6番,,,,,,,,月木,,,,,,,,,,,,,,,,,,,,,,,,,金,,,,,,,,,,,,,,,,火,,,,,,,,,,,,,,,金,,,
西淀川区,歌島,3丁目,8番,プラザ歌島,,,,,,,,,,,,,,月木,,,,,,,,,,,,,,,,,,金,,,,,,,,,,,,,,,,火,,,,,,,,,,,,,,,,金,,
西淀川区,歌島,4丁目,2番,,,,,,,,,,,月木,,,,,,,,,,,,,,,,,,,,,金,,,,,,,,,,,,,,,,火,,,,,,,,,,,,,,,,,水,,
西淀川区,歌島,4丁目,3番,,,,,,,,,,,月木,,,,,,,,,,,,,,,,,,,,,金,,,,,,,,,,,,,,,,火,,,,,,,,,,,,,,,,,水,,
西淀川区,歌島,4丁目,4番,,,,,,,,,,,月木,,,,,,,,,,,,,,,,,,,,,金,,,,,,,,,,,,,,,,火,,,,,,,,,,,,,,,,,水,,
西淀川区,歌島,4丁目,5番,,,,,,,,,,,月木,,,,,,,,,,,,,,,,,,,,,金,,,,,,,,,,,,,,,,,火,,,,,,,,,,,,,,,,水,,
西淀川区,歌島,4丁目,6番,,,,,,,,,,,月木,,,,,,,,,,,,,,,,,,,,,,金,,,,,,,,,,,,,,,火,,,,,,,,,,,,,,,,,水,,
西淀川区,歌島,4丁目,7番,,,,,,,,,,,月木,,,,,,,,,,,,,,,,,,,,,金,,,,,,,,,,,,,,,,火,,,,,,,,,,,,,,,,,水,,
西淀川区,歌島,4丁目,8番,,,,,,,,,,,月木,,,,,,,,,,,,,,,,,,,,,金,,,,,,,,,,,,,,,,,火,,,,,,,,,,,,,,,,水,,
西淀川区,大野,1丁目,1番,,,,,,,火金,,,,,,,,,,,,,,,,木,,,,,,,,,,,,,,,,,月,,,,,,,,,,,,,,,,,,,,,,,,,,月,
西淀川区,大野,1丁目,2番,,,,,,,,,火金,,,,,,,,,,,,,,木,,,,,,,,,,,,,,,,月,,,,,,,,,,,,,,,,,,,,,,,,,,,月,
西淀川区,大野,1丁目,3番,10号,,,,,,火金,,,,,,,,,,,,,木,,,,,,,,,,,,,,,,月,,,,,,,,,,,,,,,,月,,,,,,,,,,,,,,,
西淀川区,大野,1丁目,3番,上記以外,,,,,,火金,,,,,,,,,,,,,,,,木,,,,,,,,,,,,,,,,,,月,,,,,,,,,,,,,,,,,,,,,,,月,,,
西淀川区,大野,1丁目,4番,,,,,,,,,火金,,,,,,,,,,,,,,木,,,,,,,,,,,,,,,,月,,,,,,,,,,,,,,,,,,,,,,,,,,,月,
西淀川区,大野,1丁目,5番,,,,,,,,,火金,,,,,,,,,,,,,,木,,,,,,,,,,,,,,,,月,,,,,,,,,,,,,,,,,,,,,,,,,,,月,
西淀川区,大野,1丁目,6番,,,,,,,火金,,,,,,,,,,,,,,,,木,,,,,,,,,,,,,,,,,月,,,,,,,,,,,,,,,,,,,,,,,,,,月,
西淀川区,大野,1丁目,7番,,,,,,,,,火金,,,,,,,,,,,,,,,,木,,,,,,,,,,,,,,,月,,,,,,,,,,,,,,,,,,,,,,,,,,月,
西淀川区,大野,1丁目,8番,,,,,,,,火金,,,,,,,,,,,,,,,木,,,,,,,,,,,,,,,,月,,,,,,,,,,,,,,,,,,,,,,,,,月,,,
西淀川区,大野,1丁目,9番,,,,,,,火金,,,,,,,,,,,,,,,,木,,,,,,,,,,,,,,,,月,,,,,,,,,,,,,,,,,,,,,,,,,月,,,
西淀川区,大野,1丁目,10番,,,,,,,火金,,,,,,,,,,,,,,,,,,,,,,,,,,,,木,,,,,,,,,,,,,,,,月,,,,,,,,,,,,,,月,,
西淀川区,大野,1丁目,11番,軽四輪車(小さい車)で収集している地域,,,,,,火金,,,,,,,,,,,,,,,,,,木,,,,,,,,,,,,,,,,,月,,,,,,,,,,,,,,,,,,,,,,,月,,
西淀川区,大野,1丁目,12番,,,,,,,火金,,,,,,,,,,,,,,,,,,木,,,,,,,,,,,,,,,,,月,,,,,,,,,,,,,,,,,,,,,,月,,,
西淀川区,大野,2丁目,1番,軽四輪車(小さい車)で収集している地域,,,,,,,,火金,,,,,,,,,,,,,,木,,,,,,,,,,,,,,,,月,,,,,,,,,,,,,,,,,,,,,,,,,月,,,
西淀川区,大野,2丁目,1番,上記以外,,,,,,,,火金,,,,,,,,,,,,,,,,木,,,,,,,,,,,,,,,,月,,,,,,,,,,,,,,,,,,,,,,,月,,,
西淀川区,大野,2丁目,2番,,,,,,,,,火金,,,,,,,,,,,,,,木,,,,,,,,,,,,,,,,,月,,,,,,,,,,,,,,,,,,,,,,,,月,,,
西淀川区,大野,2丁目,3番,,,,,,,火金,,,,,,,,,,,,,,,,,木,,,,,,,,,,,,,,,,,,,月,,,,,,,,,,,,,,,,,,,,,月,,,
西淀川区,大野,2丁目,4番,,,,,,,,,火金,,,,,,,,,,,,,,,木,,,,,,,,,,,,,,,,,,,月,,,,,,,,,,,,,,,,,,,,,月,,,
西淀川区,大野,3丁目,1番,軽四輪車(小さい車)で収集している地域,,,,,,,,火金,,,,,,,,,,,,,,,木,,,,,,,,,,,,,,,,月,,,,,,,,,,,,,,,,,,,,,,,,,,月,
西淀川区,大野,3丁目,1番,上記以外,,,,,,,,火金,,,,,,,,,,,,,,,木,,,,,,,,,,,,,,,,月,,,,,,,,,,,,,,,,,,,,,,,,月,,,
西淀川区,大野,3丁目,2番,,,,,,,,,,火金,,,,,,,,,,,,,木,,,,,,,,,,,,,,,,,月,,,,,,,,,,,,,,,,,,,,,,,,,月,,
西淀川区,大野,3丁目,3番,,,,,,,,,火金,,,,,,,,,,,,,,木,,,,,,,,,,,,,,,,月,,,,,,,,,,,,,,,,,,,,,,,,,月,,,
西淀川区,大野,3丁目,4番,,,,,,,,,火金,,,,,,,,,,,,,,木,,,,,,,,,,,,,,,,月,,,,,,,,,,,,,,,,,,,,,,,,,月,,,
西淀川区,大野,3丁目,5番,,,,,,,,,火金,,,,,,,,,,,,,,木,,,,,,,,,,,,,,,,月,,,,,,,,,,,,,,,,,,,,,,,,,月,,,
西淀川区,大野,3丁目,6番,上記以外,,,,,,,,火金,,,,,,,,,,,,,,木,,,,,,,,,,,,,,,,月,,,,,,,,,,,,,,,,,,,,,,,,,月,,,
西淀川区,大野,3丁目,7番,,,,,,,火金,,,,,,,,,,,,,,,,木,,,,,,,,,,,,,,,,月,,,,,,,,,,,,,,,,,,,,,,,,,月,,,
西淀川区,大和田,1丁目,2番,,,,,,,,,火金,,,,,,,,,,,,,,,,,,,,,木,,,,,,,,,,,,,,,,月,,,,,,,,,,,,,,,,,木,,,,
西淀川区,大和田,1丁目,3番,キングマンション姫島Ⅱ,,,,,,,,,,,,,,火金,,,,,,,,,,,,,,,,,木,,,,,,,,,,,,,,,月,,,,,,,,,,,,,,,,,,,,
西淀川区,大和田,1丁目,3番,キングマンション姫島Ⅲ,,,,,,,,火金,,,,,,,,,,,,,,,,,,,,,,木,,,,,,,,,,,,,,,,木,,,,,,,,,,,,,,,,木,,,,
西淀川区,大和田,1丁目,3番,軽四輪車(小さい車)で収集している地域,,,,,,,,,,,,,,,火金,,,,,,,,,,,,,,,,,木,,,,,,,,,,,,,,,,月,,,,,,,,,,,,,,木,,,,
西淀川区,大和田,1丁目,3番,上記以外,,,,,,,,,,,,,,火金,,,,,,,,,,,,,,,,木,,,,,,,,,,,,,,月,,,,,,,,,,,,,,,,,,木,,,,
西淀川区,大和田,1丁目,4番,,,,,,,,,火金,,,,,,,,,,,,,,,,,,,,,木,,,,,,,,,,,,,,,,月,,,,,,,,,,,,,,,,,木,,,,
西淀川区,大和田,1丁目,5番,,,,,,,,,火金,,,,,,,,,,,,,,,,,,,,木,,,,,,,,,,,,,,,,月,,,,,,,,,,,,,,,,,,木,,,,
西淀川区,大和田,1丁目,6番,,,,,,,,,火金,,,,,,,,,,,,,,,,,,,木,,,,,,,,,,,,,,,,月,,,,,,,,,,,,,,,,,,,木,,,,
西淀川区,大和田,2丁目,1番,軽四輪車(小さい車)で収集している地域,,,,,,,,火金,,,,,,,,,,,,,,,,,,,,,,,木,,,,,,,,,,,,,,,,月,,,,,,,,,,,,,,,木,,,,
西淀川区,大和田,2丁目,1番,淀川通　,,,,,,,,火金,,,,,,,,,,,,,,,,,,,木,,,,,,,,,,,,,,,,月,,,,,,,,,,,,,,,,,,,木,,,,
西淀川区,大和田,2丁目,1番,千北橋通,,,,,,,,,,,,,,,,火金,,,木,,,,,,,,,,,,,,,,月,,,,,,,,,,,,,,,,木,,,,,,,,,,,,,,,
西淀川区,大和田,2丁目,3番,,,,,,,,火金,,,,,,,,,,,,,,,,,,,,,,木,,,,,,,,,,,,,,,,月,,,,,,,,,,,,,,,,,,木,,,
西淀川区,大和田,2丁目,4番,,,,,,,,火金,,,,,,,,,,,,,,,,,,,,木,,,,,,,,,,,,,,,,月,,,,,,,,,,,,,,,,,,,,木,,,
西淀川区,大和田,2丁目,5番,ユイットハイム,,,,,,火金,,,,,,,,,,,,,,,,,,,,,,,木,,,,,,,,,,,,,,,,月,,,,,,,,,,,,,,,,,,,木,,
西淀川区,大和田,2丁目,5番,上記以外,,,,,,火金,,,,,,,,,,,,,,,,木,,,,,,,,,,,,,,,,月,,,,,,,,,,,,,,,,,,,,,,,,木,,,,
西淀川区,大和田,2丁目,6番,,,,,,,,火金,,,,,,,,,,,,,,,,,,,,木,,,,,,,,,,,,,,,,,月,,,,,,,,,,,,,,,,,,木,,,,
西淀川区,大和田,3丁目,1番,,,,,,,,,火金,,,,,,,,,,,,,,,,,,,,,木,,,,,,,,,,,,,,,,月,,,,,,,,,,,,,,,,,,,,木,
西淀川区,大和田,3丁目,2番,,,,,,,,,火金,,,,,,,,,,,,,,,,,,,,,木,,,,,,,,,,,,,,,,月,,,,,,,,,,,,,,,,,,木,,,
西淀川区,大和田,3丁目,3番,,,,,,,,,,,火金,,,,,,,,,,,,,,,,,木,,,,,,,,,,,,,,,,月,,,,,,,,,,,,,,,,,,,木,,,,
西淀川区,大和田,3丁目,4番,,,,,,,,,,火金,,,,,,,,,,,,,,,,,,,木,,,,,,,,,,,,,,,,,月,,,,,,,,,,,,,,,,,,,木,,
西淀川区,大和田,3丁目,5番,,,,,,,,,,火金,,,,,,,,,,,,,,,,,,木,,,,,,,,,,,,,,,,,,月,,,,,,,,,,,,,,,,,,,,木,
西淀川区,大和田,3丁目,6番,,,,,,,,,,火金,,,,,,,,,,,,,,,,,,,,木,,,,,,,,,,,,,,,,月,,,,,,,,,,,,,,,,,,,,木,
西淀川区,大和田,3丁目,7番,,,,,,,,,,火金,,,,,,,,,,,,,,,,,,,,木,,,,,,,,,,,,,,,,月,,,,,,,,,,,,,,,,,,,,木,
西淀川区,大和田,3丁目,8番,,,,,,,,,,火金,,,,,,,,,,,,,,,,,,,,木,,,,,,,,,,,,,,,,月,,,,,,,,,,,,,,,,,,,,木,
西淀川区,大和田,3丁目,9番,,,,,,,,,火金,,,,,,,,,,,,,,,,木,,,,,,,,,,,,,,,,,月,,,,,,,,,,,,,,,,,,,,,,木,,,
西淀川区,大和田,3丁目,10番,,,,,,,,,,,火金,,,,,,,,,,,,,,,,,,,木,,,,,,,,,,,,,,,,月,,,,,,,,,,,,,,,,,木,,,,
西淀川区,大和田,4丁目,1番,,,,,,,,火金,,,,,,,,,,,,,,,,,,木,,,,,,,,,,,,,,,,月,,,,,,,,,,,,,,,,,,,,,木,,,,
西淀川区,大和田,4丁目,2番,,,,,,,,火金,,,,,,,,,,,,,,,,,,木,,,,,,,,,,,,,,,,月,,,,,,,,,,,,,,,,,,,,,,,木,,
西淀川区,大和田,4丁目,3番,,,,,,,,火金,,,,,,,,,,,,,,,,,,木,,,,,,,,,,,,,,,月,,,,,,,,,,,,,,,,,,,,,,,木,,,
西淀川区,大和田,4丁目,5番,,,,,,,,,火金,,,,,,,,,,,,,,,木,,,,,,,,,,,,,,,,,月,,,,,,,,,,,,,,,,,,,,,,木,,,,
西淀川区,大和田,4丁目,6番,,,,,,,,火金,,,,,,,,,,,,,,,,,木,,,,,,,,,,,,,,,,月,,,,,,,,,,,,,,,,,,,,,,,木,,,
西淀川区,大和田,4丁目,7番,,,,,,,,,火金,,,,,,,,,,,,,,,,,木,,,,,,,,,,,,,,,,月,,,,,,,,,,,,,,,,,,,,,,,,木,
西淀川区,大和田,4丁目,8番,,,,,,,,,火金,,,,,,,,,,,,,,,,,木,,,,,,,,,,,,,,,,月,,,,,,,,,,,,,,,,,,,,,,,,木,
西淀川区,大和田,4丁目,9番,軽四輪車(小さい車)で収集している地域,,,,,,,,火金,,,,,,,,,,,,,,,木,,,,,,,,,,,,,,,,月,,,,,,,,,,,,,,,,,,,,,,,,木,,,
西淀川区,大和田,4丁目,9番,上記以外,,,,,,,,火金,,,,,,,,,,,,,,,,,木,,,,,,,,,,,,,,,,月,,,,,,,,,,,,,,,,,,,,,,木,,,
西淀川区,大和田,4丁目,10番,,,,,,,,,火金,,,,,,,,,,,,,,木,,,,,,,,,,,,,,,,,月,,,,,,,,,,,,,,,,,,,,,,,,木,,,
西淀川区,大和田,4丁目,11番,軽四輪車(小さい車)で収集している地域,,,,,,,,,火金,,,,,,,,,,,,,木,,,,,,,,,,,,,,,,,月,,,,,,,,,,,,,,,,,,,,,,,,木,,,
西淀川区,大和田,4丁目,11番,上記以外,,,,,,,,,火金,,,,,,,,,,,,,,,木,,,,,,,,,,,,,,,,,月,,,,,,,,,,,,,,,,,,,,,,木,,,
西淀川区,大和田,4丁目,12番,軽四輪車(小さい車)で収集している地域,,,,,,,,火金,,,,,,,,,,,,,,,木,,,,,,,,,,,,,,,,月,,,,,,,,,,,,,,,,,,,,,,,,木,,,
西淀川区,大和田,4丁目,12番,上記以外,,,,,,,,火金,,,,,,,,,,,,,,,,,木,,,,,,,,,,,,,,,,月,,,,,,,,,,,,,,,,,,,,,,木,,,
西淀川区,大和田,4丁目,13番,軽四輪車(小さい車)で収集している地域,,,,,,火金,,,,,,,,,,,,,,,,,,木,,,,,,,,,,,,,,,,,月,,,,,,,,,,,,,,,,,,,,,,木,,,
西淀川区,大和田,4丁目,13番,上記以外,,,,,,,,火金,,,,,,,,,,,,,,,,,木,,,,,,,,,,,,,,,,月,,,,,,,,,,,,,,,,,,,,,,木,,,
西淀川区,大和田,4丁目,14番,軽四輪車(小さい車)で収集している地域,,,,,,,,火金,,,,,,,,,,,,,,,,木,,,,,,,,,,,,,,,月,,,,,,,,,,,,,,,,,,,,,,,,木,,,
西淀川区,大和田,4丁目,14番,上記以外,,,,,,,,火金,,,,,,,,,,,,,,,,,木,,,,,,,,,,,,,,,,月,,,,,,,,,,,,,,,,,,,,,,木,,,
西淀川区,大和田,4丁目,15番,軽四輪車(小さい車)で収集している地域,,,,,,,火金,,,,,,,,,,,,,,,,,木,,,,,,,,,,,,,,,,月,,,,,,,,,,,,,,,,,,,,,,,木,,,
西淀川区,大和田,4丁目,15番,上記以外,,,,,,,,火金,,,,,,,,,,,,,,,,,木,,,,,,,,,,,,,,,,,月,,,,,,,,,,,,,,,,,,,,,木,,,
西淀川区,大和田,5丁目,1番,,,,,,,火金,,,,,,,,,,,,,,,,,木,,,,,,,,,,,,,,,,月,,,,,,,,,,,,,,,,,,,,,,,木,,,,
西淀川区,大和田,5丁目,2番,,,,,,,火金,,,,,,,,,,,,,,,,,木,,,,,,,,,,,,,,,,月,,,,,,,,,,,,,,,,,,,,,,,木,,,,
西淀川区,大和田,5丁目,3番,,,,,,,,,,火金,,,,,,,,,,,,,,木,,,,,,,,,,,,,,,,月,,,,,,,,,,,,,,,,,,,,,,,,木,,,
西淀川区,大和田,5丁目,4番,,,,,,,火金,,,,,,,,,,,,,,,,,木,,,,,,,,,,,,,,,,月,,,,,,,,,,,,,,,,,,,,,,,木,,,,
西淀川区,大和田,5丁目,5番,,,,,,,,火金,,,,,,,,,,,,,,,,木,,,,,,,,,,,,,,,,月,,,,,,,,,,,,,,,,,,,,,,,木,,,,
西淀川区,大和田,5丁目,6番,軽四輪車(小さい車)で収集している地域,,,,,,火金,,,,,,,,,,,,,,,,,木,,,,,,,,,,,,,,,,月,,,,,,,,,,,,,,,,,,,,,,,木,,,,
西淀川区,大和田,5丁目,6番,上記以外,,,,,,火金,,,,,,,,,,,,,,,,,木,,,,,,,,,,,,,,,,月,,,,,,,,,,,,,,,,,,,,,,,木,,,,
西淀川区,大和田,5丁目,7番,軽四輪車(小さい車)で収集している地域,,,,,,火金,,,,,,,,,,,,,,,,,木,,,,,,,,,,,,,,,,月,,,,,,,,,,,,,,,,,,,,,,,,,,,木
西淀川区,大和田,5丁目,7番,上記以外,,,,,,火金,,,,,,,,,,,,,,,,,木,,,,,,,,,,,,,,,,月,,,,,,,,,,,,,,,,,,,,,,,木,,,,
西淀川区,大和田,5丁目,8番,,,,,,,火金,,,,,,,,,,,,,,,,,木,,,,,,,,,,,,,,,,月,,,,,,,,,,,,,,,,,,,,,,,木,,,,
西淀川区,大和田,5丁目,9番,,,,,,,火金,,,,,,,,,,,,,,,,,木,,,,,,,,,,,,,,,,,月,,,,,,,,,,,,,,,,,,,,,,,木,,,
西淀川区,大和田,5丁目,10番,軽四輪車(小さい車)で収集している地域,,,,,,,,火金,,,,,,,,,,,,,,,,,木,,,,,,,,,,,,,,,月,,,,,,,,,,,,,,,,,,,,,,木,,,,
西淀川区,大和田,5丁目,10番,上記以外,,,,,,火金,,,,,,,,,,,,,,,,,木,,,,,,,,,,,,,,,,,月,,,,,,,,,,,,,,,,,,,,,,木,,,,
西淀川区,大和田,5丁目,11番,軽四輪車(小さい車)で収集している地域,,,,,,,火金,,,,,,,,,,,,,,,,,,木,,,,,,,,,,,,,,,月,,,,,,,,,,,,,,,,,,,,,,木,,,,
西淀川区,大和田,5丁目,11番,上記以外,,,,,,,,火金,,,,,,,,,,,,,,,,,木,,,,,,,,,,,,,,,,月,,,,,,,,,,,,,,,,,,,,,木,,,,
西淀川区,大和田,5丁目,12番,軽四輪車(小さい車)で収集している地域,,,,,,,火金,,,,,,,,,,,,,,,,,,木,,,,,,,,,,,,,,,,月,,,,,,,,,,,,,,,,,,,,,木,,,,
西淀川区,大和田,5丁目,12番,上記以外,,,,,,火金,,,,,,,,,,,,,,,,,,木,,,,,,,,,,,,,,,,月,,,,,,,,,,,,,,,,,,,,,,木,,,,
西淀川区,大和田,5丁目,13番,,,,,,,火金,,,,,,,,,,,,,,,,,木,,,,,,,,,,,,,,,,,月,,,,,,,,,,,,,,,,,,,,,,木,,,,
西淀川区,大和田,5丁目,14番,,,,,,,,火金,,,,,,,,,,,,,,,,木,,,,,,,,,,,,,,,,,月,,,,,,,,,,,,,,,,,,,,,,,,,木,
西淀川区,大和田,5丁目,15番,,,,,,,,火金,,,,,,,,,,,,,,,,木,,,,,,,,,,,,,,,,,月,,,,,,,,,,,,,,,,,,,,,,,,,木,
西淀川区,大和田,5丁目,16番,,,,,,,,火金,,,,,,,,,,,,,,,,木,,,,,,,,,,,,,,,,,月,,,,,,,,,,,,,,,,,,,,,,,,,,木
西淀川区,大和田,5丁目,17番,,,,,,,火金,,,,,,,,,,,,,,,,,,,木,,,,,,,,,,,,,,,,月,,,,,,,,,,,,,,,,,,,,,木,,,,
西淀川区,大和田,5丁目,18番,,,,,,,火金,,,,,,,,,,,,,,,,,,,木,,,,,,,,,,,,,,,,月,,,,,,,,,,,,,,,,,,,,,木,,,,
西淀川区,大和田,5丁目,19番,軽四輪車(小さい車)で収集している地域,,,,,,火金,,,,,,,,,,,,,,,,,,木,,,,,,,,,,,,,,,,,月,,,,,,,,,,,,,,,,,,,,,,,,木,
西淀川区,大和田,5丁目,19番,上記以外,,,,,,,,火金,,,,,,,,,,,,,,,,,木,,,,,,,,,,,,,,,,月,,,,,,,,,,,,,,,,,,,,,,,,木,
西淀川区,大和田,5丁目,20番,,,,,,,火金,,,,,,,,,,,,,,,,,,,木,,,,,,,,,,,,,,,,月,,,,,,,,,,,,,,,,,,,,,木,,,,
西淀川区,大和田,5丁目,21番,,,,,,,,火金,,,,,,,,,,,,,,,,,木,,,,,,,,,,,,,,,,月,,,,,,,,,,,,,,,,,,,,,,,,,木,
西淀川区,大和田,5丁目,22番,,,,,,,火金,,,,,,,,,,,,,,,,,,木,,,,,,,,,,,,,,,,月,,,,,,,,,,,,,,,,,,,,,,,,,木,
西淀川区,大和田,6丁目,1番,,,,,,,,火金,,,,,,,,,,,,,,,木,,,,,,,,,,,,,,,,月,,,,,,,,,,,,,,,,,,,,,,,,木,,,,
西淀川区,大和田,6丁目,2番,,,,,,,火金,,,,,,,,,,,,,,,,木,,,,,,,,,,,,,,,,月,,,,,,,,,,,,,,,,,,,,,,,,木,,,,
西淀川区,大和田,6丁目,3番,軽四輪車(小さい車)で収集している地域,,,,,,,,,火金,,,,,,,,,,,,,木,,,,,,,,,,,,,,,,月,,,,,,,,,,,,,,,,,,,,,,,,木,,,,
西淀川区,大和田,6丁目,3番,上記以外,,,,,,,,火金,,,,,,,,,,,,,,,,木,,,,,,,,,,,,,,,,,,月,,,,,,,,,,,,,,,,,,,,木,,,,
西淀川区,大和田,6丁目,4番,,,,,,,火金,,,,,,,,,,,,,,,,木,,,,,,,,,,,,,,,,月,,,,,,,,,,,,,,,,,,,,,,,,,,,木,
西淀川区,大和田,6丁目,5番,,,,,,,,火金,,,,,,,,,,,,,,,木,,,,,,,,,,,,,,,,,月,,,,,,,,,,,,,,,,,,,,,,,,,,木,
西淀川区,大和田,6丁目,6番,,,,,,,,火金,,,,,,,,,,,,,,,木,,,,,,,,,,,,,,,,,月,,,,,,,,,,,,,,,,,,,,,,,,,,木,
西淀川区,大和田,6丁目,7番,軽四輪車(小さい車)で収集している地域,,,,,,,火金,,,,,,,,,,,,,,,,,,,,,,,,木,,,,,,,,,,,,,,,,,月,,,,,,,,,,,,,,,,木,,
西淀川区,大和田,6丁目,7番,上記以外,,,,,,,,火金,,,,,,,,,,,,,,木,,,,,,,,,,,,,,,,月,,,,,,,,,,,,,,,,,,,,,,,,木,,,,
西淀川区,大和田,6丁目,8番,,,,,,,,火金,,,,,,,,,,,,,,,木,,,,,,,,,,,,,,,,月,,,,,,,,,,,,,,,,,,,,,,,,木,,,,
西淀川区,大和田,6丁目,9番,上記以外,,,,,,,火金,,,,,,,,,,,,,,,木,,,,,,,,,,,,,,,,月,,,,,,,,,,,,,,,,,,,,,,,,,木,,,
西淀川区,大和田,6丁目,10番,,,,,,,火金,,,,,,,,,,,,,,,,,木,,,,,,,,,,,,,,,,月,,,,,,,,,,,,,,,,,,,,,,,,,木,,
西淀川区,大和田,6丁目,11番,軽四輪車(小さい車)で収集している地域,,,,,,,,,,火金,,,,,,,,,,,,,木,,,,,,,,,,,,,,,,,,月,,,,,,,,,,,,,,,,,,,,,,,木,,
西淀川区,大和田,6丁目,11番,上記以外,,,,,,火金,,,,,,,,,,,,,,,,,木,,,,,,,,,,,,,,,,月,,,,,,,,,,,,,,,,,,,,,,,,木,,,
西淀川区,大和田,6丁目,12番,,,,,,,火金,,,,,,,,,,,,,,,,,木,,,,,,,,,,,,,,,,月,,,,,,,,,,,,,,,,,,,,,,,,木,,,
西淀川区,大和田,6丁目,13番,,,,,,,火金,,,,,,,,,,,,,,,,木,,,,,,,,,,,,,,,,,月,,,,,,,,,,,,,,,,,,,,,,,,木,,,
西淀川区,大和田,6丁目,14番,,,,,,,,火金,,,,,,,,,,,,,,,,,,木,,,,,,,,,,,,,,,,月,,,,,,,,,,,,,,,,,,,,,木,,,,
西淀川区,大和田,6丁目,15番,,,,,,,火金,,,,,,,,,,,,,,,,,,木,,,,,,,,,,,,,,,,月,,,,,,,,,,,,,,,,,,,,,,,木,,,
西淀川区,大和田,6丁目,16番,,,,,,,,火金,,,,,,,,,,,,,,,,,木,,,,,,,,,,,,,,,,,月,,,,,,,,,,,,,,,,,,,,,木,,,,
西淀川区,大和田,6丁目,17番,,,,,,,,火金,,,,,,,,,,,,,,,,,木,,,,,,,,,,,,,,,,月,,,,,,,,,,,,,,,,,,,,,,木,,,,
西淀川区,大和田,6丁目,18番,,,,,,,,火金,,,,,,,,,,,,,,,,,木,,,,,,,,,,,,,,,,月,,,,,,,,,,,,,,,,,,,,,,木,,,,
西淀川区,柏里,1丁目,1番,,,,,,,,月木,,,,,,,,,,,,,,,,土,,,,,,,,,,,,,,,,水,,,,,,,,,,,,,,,,,,,,,,,,,,土,
西淀川区,柏里,1丁目,2番,,,,,,,月木,,,,,,,,,,,,,,,,,土,,,,,,,,,,,,,,,,水,,,,,,,,,,,,,,,,,,,,,,,,,,土,
西淀川区,柏里,1丁目,3番,,,,,,,月木,,,,,,,,,,,,,,,,,土,,,,,,,,,,,,,,,,水,,,,,,,,,,,,,,,,,,,,,,,,,,土,
西淀川区,柏里,1丁目,4番,,,,,,,月木,,,,,,,,,,,,,,,,,土,,,,,,,,,,,,,,,,水,,,,,,,,,,,,,,,,,,,,,,,,,,土,
西淀川区,柏里,1丁目,5番,,,,,,,月木,,,,,,,,,,,,,,,,,土,,,,,,,,,,,,,,,,水,,,,,,,,,,,,,,,,,,,,,,,,,,土,
西淀川区,柏里,1丁目,6番,,,,,,,,月木,,,,,,,,,,,,,,,,土,,,,,,,,,,,,,,,,水,,,,,,,,,,,,,,,,,,,,,,,,,,土,
西淀川区,柏里,1丁目,7番,,,,,,,,月木,,,,,,,,,,,,,,,,土,,,,,,,,,,,,,,,水,,,,,,,,,,,,,,,,,,,,,,,,,,,土,
西淀川区,柏里,1丁目,8番,,,,,,,,月木,,,,,,,,,,,,,,,,土,,,,,,,,,,,,,,,水,,,,,,,,,,,,,,,,,,,,,,,,,,,土,
西淀川区,柏里,1丁目,9番,,,,,,,月木,,,,,,,,,,,,,,,,,土,,,,,,,,,,,,,,,,水,,,,,,,,,,,,,,,,,,,,,,,,,,土,
西淀川区,柏里,1丁目,10番,,,,,,,,月木,,,,,,,,,,,,,,,,土,,,,,,,,,,,,,,,水,,,,,,,,,,,,,,,,,,,,,,,,,,,土,
西淀川区,柏里,1丁目,11番,,,,,,,,月木,,,,,,,,,,,,,,,,土,,,,,,,,,,,,,,,,水,,,,,,,,,,,,,,,,,,,,,,,,,,土,
西淀川区,柏里,1丁目,12番,,,,,,,月木,,,,,,,,,,,,,,,,,土,,,,,,,,,,,,,,,,水,,,,,,,,,,,,,,,,,,,,,,,,,,土,
西淀川区,柏里,1丁目,13番,,,,,,,月木,,,,,,,,,,,,,,,,,土,,,,,,,,,,,,,,,,水,,,,,,,,,,,,,,,,,,,,,,,,,,土,
西淀川区,柏里,1丁目,14番,,,,,,,月木,,,,,,,,,,,,,,,,,土,,,,,,,,,,,,,,,水,,,,,,,,,,,,,,,,,,,,,,,,,,,土,
西淀川区,柏里,1丁目,15番,,,,,,,月木,,,,,,,,,,,,,,,,,土,,,,,,,,,,,,,,,,水,,,,,,,,,,,,,,,,,,,,,,,,,,土,
西淀川区,柏里,1丁目,16番,,,,,,,月木,,,,,,,,,,,,,,,,,土,,,,,,,,,,,,,,,,水,,,,,,,,,,,,,,,,,,,,,,,,,,土,
西淀川区,柏里,1丁目,17番,,,,,,,,月木,,,,,,,,,,,,,,,,土,,,,,,,,,,,,,,,,水,,,,,,,,,,,,,,,,,,,,,,,,土,,,
西淀川区,柏里,1丁目,18番,軽四輪車(小さい車)で収集している地域,,,,,,,,月木,,,,,,,,,,,,,,,,,,,,,,,土,,,,,,,,,,,,,,,,水,,,,,,,,,,,,,,,,土,,,
西淀川区,柏里,1丁目,18番,上記以外,,,,,,月木,,,,,,,,,,,,,,,,,土,,,,,,,,,,,,,,,水,,,,,,,,,,,,,,,,,,,,,,,,,,,土,
西淀川区,柏里,2丁目,1番,,,,,,,月木,,,,,,,,,,,,,,,,,土,,,,,,,,,,,,,,,水,,,,,,,,,,,,,,,,,,,,,,,,,,,土,
西淀川区,柏里,2丁目,2番,,,,,,,月木,,,,,,,,,,,,,,,,土,,,,,,,,,,,,,,,,水,,,,,,,,,,,,,,,,,,,,,,,,,,,土,
西淀川区,柏里,2丁目,3番,,,,,,,月木,,,,,,,,,,,,,,,,土,,,,,,,,,,,,,,,,水,,,,,,,,,,,,,,,,,,,,,,,,,,,土,
西淀川区,柏里,2丁目,4番,,,,,,,月木,,,,,,,,,,,,,,,,土,,,,,,,,,,,,,,,,水,,,,,,,,,,,,,,,,,,,,,,,,,,,土,
西淀川区,柏里,2丁目,5番,,,,,,,月木,,,,,,,,,,,,,,,,土,,,,,,,,,,,,,,,,水,,,,,,,,,,,,,,,,,,,,,,,,,,,土,
西淀川区,柏里,2丁目,6番,,,,,,,月木,,,,,,,,,,,,,,,,土,,,,,,,,,,,,,,,,水,,,,,,,,,,,,,,,,,土,,,,,,,,,,,
西淀川区,柏里,2丁目,7番,軽四輪車(小さい車)で収集している地域,,,,,,月木,,,,,,,,,,,,,,,,土,,,,,,,,,,,,,,,,水,,,,,,,,,,,,,,,,,,,,,,,,,土,,,
西淀川区,柏里,2丁目,7番,上記以外,,,,,,,,,月木,,,,,,,,,,,,,土,,,,,,,,,,,,,,,,水,,,,,,,,,,,,,,,,,,,,,,,,,土,,,
西淀川区,柏里,2丁目,8番,軽四輪車(小さい車)で収集している地域,,,,,,月木,,,,,,,,,,,,,土,,,,,,,,,,,,,,,,,,,,,,,,,,,水,,,,,,,,,,,,,,,,,,,土,
西淀川区,柏里,2丁目,8番,上記以外,,,,,,,,,月木,,,,,,,,,,,,,土,,,,,,,,,,,,,,,,水,,,,,,,,,,,,,,,,,,,,,,,,,,,土,
西淀川区,柏里,2丁目,9番,,,,,,,,月木,,,,,,,,,,,,,,,土,,,,,,,,,,,,,,,,水,,,,,,,,,,,,,,,,,,,,,,,,,,,土,
西淀川区,柏里,2丁目,10番,,,,,,,,,,月木,,,,,,,,,,,,,土,,,,,,,,,,,,,,,,水,,,,,,,,,,,,,,,,,,,,,,,,,,土,,
西淀川区,柏里,2丁目,11番,,,,,,,,,月木,,,,,,,,,,,,,,土,,,,,,,,,,,,,,,,水,,,,,,,,,,,,,,,,,,,,,,,,,,土,,
西淀川区,柏里,2丁目,12番,,,,,,,,月木,,,,,,,,,,,,,,,土,,,,,,,,,,,,,,,,水,,,,,,,,,,,,,,,,,,,,,,,,,土,,,
西淀川区,柏里,2丁目,13番,,,,,,,,,,月木,,,,,,,,,,,,,土,,,,,,,,,,,,,,,,水,,,,,,,,,,,,,,,,,,,,,,,,,土,,,
西淀川区,柏里,3丁目,1番,,,,,,,月木,,,,,,,,,,,,,,,,,土,,,,,,,,,,,,,,,水,,,,,,,,,,,,,,,,,,,,,,,,土,,,,
西淀川区,柏里,3丁目,2番,,,,,,,月木,,,,,,,,,,,,,,,,土,,,,,,,,,,,,,,,,,水,,,,,,,,,,,,,,,,,,,,,,,土,,,,
西淀川区,柏里,3丁目,3番,,,,,,,月木,,,,,,,,,,,,,,,,土,,,,,,,,,,,,,,,,水,,,,,,,,,,,,,,,,,土,,,,,,,,,,,
西淀川区,柏里,3丁目,4番,軽四輪車(小さい車)で収集している地域,,,,,,月木,,,,,,,,,,,,,,,,土,,,,,,,,,,,,,,,,,水,,,,,,,,,,,,,,,,,,,,,,,,土,,,
西淀川区,柏里,3丁目,4番,上記以外,,,,,,,,,月木,,,,,,,,,,,,,土,,,,,,,,,,,,,,,,,水,,,,,,,,,,,,,,,,,,,,,,,,土,,,
西淀川区,柏里,3丁目,5番,,,,,,,,月木,,,,,,,,,,,,,,,土,,,,,,,,,,,,,,,,,水,,,,,,,,,,,,,,,,,,,,,,,土,,,,
西淀川区,柏里,3丁目,7番,,,,,,,月木,,,,,,,,,,,,,,,,土,,,,,,,,,,,,,,,,水,,,,,,,,,,,,,,,,,,,,,,,,土,,,,
西淀川区,柏里,3丁目,8番,,,,,,,月木,,,,,,,,,,,,,,,,土,,,,,,,,,,,,,,,,水,,,,,,,,,,,,,,,,,,,,,,,,土,,,,
西淀川区,柏里,3丁目,9番,軽四輪車(小さい車)で収集している地域,,,,,,月木,,,,,,,,,,,,,,,,土,,,,,,,,,,,,,,,,,水,,,,,,,,,,,,,,,,,,,,,,,土,,,,
西淀川区,柏里,3丁目,9番,上記以外,,,,,,,,,月木,,,,,,,,,,,,,土,,,,,,,,,,,,,,,,,水,,,,,,,,,,,,,,,,,,,,,,,土,,,,
西淀川区,柏里,3丁目,11番,,,,,,,,,,,月木,,,,,,,,,,,,,,,土,,,,,,,,,,,,,水,,,,,,,,,,,,,,,,,,,,,,,,,土,,,
西淀川区,柏里,3丁目,12番,,,,,,,月木,,,,,,,,,,,,,,,,,,,土,,,,,,,,,,,,,,水,,,,,,,,,,,,,,,,,,,,,,,,土,,,
西淀川区,柏里,3丁目,13番,,,,,,,,,,,月木,,,,,,,,,,,,,,,土,,,,,,,,,,,,,水,,,,,,,,,,,,,,,,,,,,,,,,土,,,,
西淀川区,柏里,3丁目,14番,,,,,,,,,,,月木,,,,,,,,,,,,,,,土,,,,,,,,,,,,,水,,,,,,,,,,,,,,,,,,,,,,,,土,,,,
西淀川区,柏里,3丁目,15番,,,,,,,,,,,月木,,,,,,,,,,,,,,,土,,,,,,,,,,,,,水,,,,,,,,,,,,,,,,,,,,,,,,土,,,,
西淀川区,柏里,3丁目,16番,,,,,,,,,,,月木,,,,,,,,,,,,,,,土,,,,,,,,,,,,,水,,,,,,,,,,,,,,,,,,,,,,,,,土,,,
西淀川区,柏里,3丁目,17番,,,,,,,,,,月木,,,,,,,,,,,,,,,,土,,,,,,,,,,,,,水,,,,,,,,,,,,,,,,土,,,,,,,,,,,,
西淀川区,竹島,2丁目,1番,,,,,,,,,,月木,,,,,,,,,,,,,,,,土,,,,,,,,,,,,,,,水,,,,,,,,,,,,,,土,,,,,,,,,,,,
西淀川区,竹島,2丁目,2番,,,,,,,,,,,,月木,,,,,,,,,,,,,,土,,,,,,,,,,,,,,,,,水,,,,,,,,,,,,土,,,,,,,,,,,,
西淀川区,竹島,2丁目,3番,,,,,,,,,,,,月木,,,,,,,,,,,,,,土,,,,,,,,,,,,,,,,水,,,,,,,,,,,,,土,,,,,,,,,,,,
西淀川区,竹島,2丁目,4番,,,,,,,,,,,月木,,,,,,,,,,,,,,,土,,,,,,,,,,,,,,,,水,,,,,,,,,,,,,,土,,,,,,,,,,,
西淀川区,竹島,3丁目,1番,,,,,,,,,,,,月木,,,,,,,,,,,,,,土,,,,,,,,,,,,,,,水,,,,,,,,,,,,,,,土,,,,,,,,,,,
西淀川区,竹島,3丁目,2番,8･10･13･16･17号,,,,,,,,,,,,,,,月木,,,,,,,,,,土,,,,,,,,,,,,,,,水,,,,,,,,,,,,,,,土,,,,,,,,,,,
西淀川区,竹島,3丁目,2番,上記以外,,,,,,,,,,月木,,,,,,,,,,,,,,,土,,,,,,,,,,,,,,,,水,,,,,,,,,,,,,,土,,,,,,,,,,,
西淀川区,竹島,3丁目,3番,,,,,,,,,,,月木,,,,,,,,,,,,,,,土,,,,,,,,,,,,,,,水,,,,,,,,,,,,,,,土,,,,,,,,,,,
西淀川区,竹島,3丁目,4番,31号,,,,,,,,,,,,,,,月木,,,,,,,,,,土,,,,,,,,,,,,,,,,水,,,,,,,,,,,,,,,土,,,,,,,,,,
西淀川区,竹島,3丁目,4番,上記以外,,,,,,,,,,月木,,,,,,,,,,,,,,,土,,,,,,,,,,,,,,,,水,,,,,,,,,,,,,,,土,,,,,,,,,,
西淀川区,竹島,3丁目,5番,8･23~25･28･29･32~34号,,,,,,,,,,,,,,,月木,,,,,,,,,,土,,,,,,,,,,,,,,,水,,,,,,,,,,,,,,,土,,,,,,,,,,,
西淀川区,竹島,3丁目,5番,上記以外,,,,,,,,,,月木,,,,,,,,,,,,,,,土,,,,,,,,,,,,,,,,水,,,,,,,,,,,,,,土,,,,,,,,,,,
西淀川区,竹島,3丁目,6番,7~9･11･12･28号,,,,,,,,,,,,,,,月木,,,,,,,,,,土,,,,,,,,,,,,,,,水,,,,,,,,,,,,,,土,,,,,,,,,,,,
西淀川区,竹島,3丁目,6番,上記以外,,,,,,,,,,月木,,,,,,,,,,,,,,,土,,,,,,,,,,,,,,,水,,,,,,,,,,,,,,土,,,,,,,,,,,,
西淀川区,竹島,3丁目,7番,軽四輪車(小さい車)で収集している地域,,,,,,,,,,,,,,,月木,,,,,,,,,,土,,,,,,,,,,,,,,,水,,,,,,,,,,,,,,,土,,,,,,,,,,,
西淀川区,竹島,3丁目,7番,上記以外,,,,,,,,,,,月木,,,,,,,,,,,,,,土,,,,,,,,,,,,,,,水,,,,,,,,,,,,,,,土,,,,,,,,,,,
西淀川区,竹島,3丁目,8番,軽四輪車(小さい車)で収集している地域,,,,,,,,,,,,,,月木,,,,,,,,,,,土,,,,,,,,,,,,,,,水,,,,,,,,,,,,,,,土,,,,,,,,,,,
西淀川区,竹島,3丁目,8番,上記以外,,,,,,,,,,月木,,,,,,,,,,,,,,,土,,,,,,,,,,,,,,,,水,,,,,,,,,,,,,,土,,,,,,,,,,,
西淀川区,竹島,3丁目,9番,軽四輪車(小さい車)で収集している地域,,,,,,,,,,,,,,,月木,,,,,,,,,,土,,,,,,,,,,,,,,,,水,,,,,,,,,,,,,,土,,,,,,,,,,,
西淀川区,竹島,3丁目,9番,上記以外,,,,,,,,,,月木,,,,,,,,,,,,,,,土,,,,,,,,,,,,,,,水,,,,,,,,,,,,,,,,土,,,,,,,,,,
西淀川区,竹島,3丁目,10番,軽四輪車(小さい車)で収集している地域,,,,,,,,,,,,,,,月木,,,,,,,,,,土,,,,,,,,,,,,,,,水,,,,,,,,,,,,,,土,,,,,,,,,,,,
西淀川区,竹島,3丁目,10番,上記以外,,,,,,,,,,月木,,,,,,,,,,,,,,,土,,,,,,,,,,,,,,,水,,,,,,,,,,,,,,,,土,,,,,,,,,,
西淀川区,竹島,3丁目,11番,軽四輪車(小さい車)で収集している地域,,,,,,,,,,,,,,,月木,,,,,,,,,,土,,,,,,,,,,,,,,,水,,,,,,,,,,,,,,,土,,,,,,,,,,,
西淀川区,竹島,3丁目,11番,上記以外,,,,,,,,,,月木,,,,,,,,,,,,,,,土,,,,,,,,,,,,,,,,水,,,,,,,,,,,,,,,土,,,,,,,,,,
西淀川区,竹島,3丁目,12番,軽四輪車(小さい車)で収集している地域,,,,,,,,,,,,,,,月木,,,,,,,,,,土,,,,,,,,,,,,,,,水,,,,,,,,,,,,,,,土,,,,,,,,,,,
西淀川区,竹島,3丁目,12番,上記以外,,,,,,,,,,月木,,,,,,,,,,,,,,,土,,,,,,,,,,,,,,,,水,,,,,,,,,,,,,,土,,,,,,,,,,,
西淀川区,竹島,3丁目,13番,軽四輪車(小さい車)で収集している地域,,,,,,,,,,月木,,,,,,,,,,,,,,,土,,,,,,,,,,,,,,,,水,,,,,,,,,,,,,,土,,,,,,,,,,,
西淀川区,竹島,3丁目,13番,上記以外,,,,,,,,,,月木,,,,,,,,,,,,,,,土,,,,,,,,,,,,,,,,水,,,,,,,,,,,,,,,土,,,,,,,,,,
西淀川区,竹島,4丁目,1番,,,,,,,,,,,,月木,,,,,,,,,,,,,,土,,,,,,,,,,,,,,,,,水,,,,,,,,,,,,,土,,,,,,,,,,,
西淀川区,竹島,4丁目,2番,,,,,,,,,,,月木,,,,,,,,,,,,,,,土,,,,,,,,,,,,,,,,,水,,,,,,,,,,,,,土,,,,,,,,,,,
西淀川区,竹島,4丁目,3番,,,,,,,,,,,月木,,,,,,,,,,,,,,,土,,,,,,,,,,,,,,水,,,,,,,,,,,,,,,,土,,,,,,,,,,,
西淀川区,竹島,4丁目,4番,,,,,,,,,,,,,月木,,,,,,,,,,,,,土,,,,,,,,,,,,,,,,水,,,,,,,,,,,,,,,土,,,,,,,,,,
西淀川区,竹島,4丁目,5番,,,,,,,,,,,,,,,,月木,,,,,,,,,,土,,,,,,,,,,,,,,,水,,,,,,,,,,,,,,,土,,,,,,,,,,,
西淀川区,竹島,4丁目,7番,,,,,,,,,,,,,,,,月木,,,,,,,,,,土,,,,,,,,,,,,,,,水,,,,,,,,,,,,,,,土,,,,,,,,,,,
西淀川区,竹島,4丁目,8番,軽四輪車(小さい車)で収集している地域,,,,,,,,,,,,,,,月木,,,,,,,,,,土,,,,,,,,,,,,,,,水,,,,,,,,,,,,,,,土,,,,,,,,,,,
西淀川区,竹島,4丁目,8番,上記以外,,,,,,,,,,,月木,,,,,,,,,,,,,,土,,,,,,,,,,,,,,,,水,,,,,,,,,,,,,,土,,,,,,,,,,,
西淀川区,竹島,4丁目,9番,,,,,,,,,,,,月木,,,,,,,,,,,,,,土,,,,,,,,,,,,,,,,水,,,,,,,,,,,,,,土,,,,,,,,,,,
西淀川区,竹島,4丁目,10番,,,,,,,,,,,,月木,,,,,,,,,,,,,,土,,,,,,,,,,,,,,,水,,,,,,,,,,,,,,,土,,,,,,,,,,,
西淀川区,竹島,5丁目,1番,軽四輪車(小さい車)で収集している地域,,,,,,,,,,,,,,,月木,,,,,,,,,,土,,,,,,,,,,,,,,,水,,,,,,,,,,,,,,,土,,,,,,,,,,,
西淀川区,竹島,5丁目,1番,上記以外,,,,,,,,,,月木,,,,,,,,,,,,,,,土,,,,,,,,,,,,,,,水,,,,,,,,,,,,,,,土,,,,,,,,,,,
西淀川区,竹島,5丁目,2番,,,,,,,,,,,,月木,,,,,,,,,,,,,,土,,,,,,,,,,,,,,,水,,,,,,,,,,,,,,,土,,,,,,,,,,,
西淀川区,竹島,5丁目,3番,,,,,,,,,,,,月木,,,,,,,,,,,,,,土,,,,,,,,,,,,,,,水,,,,,,,,,,,,,,,土,,,,,,,,,,,
西淀川区,竹島,5丁目,4番,,,,,,,,,,,,月木,,,,,,,,,,,,,,土,,,,,,,,,,,,,,,,水,,,,,,,,,,,,,,土,,,,,,,,,,,
西淀川区,竹島,5丁目,7番,,,,,,,,,,,,,,,,月木,,,,,,,,,,土,,,,,,,,,,,,,,,水,,,,,,,,,,,,,,,土,,,,,,,,,,,
西淀川区,竹島,5丁目,8番,,,,,,,,,,,,,,,,月木,,,,,,,,,,土,,,,,,,,,,,,,,,水,,,,,,,,,,,,,,,土,,,,,,,,,,,
西淀川区,千舟,1丁目,1番,,,,,,,,火金,,,,,,,,,,,,,,,,,,,,,,,,,木,,,,,,,,,,,,,,,,月,,,,,,,,,,,,,,土,,,,
西淀川区,千舟,1丁目,2番,,,,,,,,,,,,,,,,火金,,,,,,,,,,,,,,,,,木,,,,,,,,,,,,,,,,月,,,,,,,,,,,,,,,土,,,
西淀川区,千舟,1丁目,3番,,,,,,,,,火金,,,,,,,,,,,,,,,,,,,,,,,,木,,,,,,,,,,,,,,,,月,,,,,,,,,,,,,,土,,,,
西淀川区,千舟,1丁目,4番,,,,,,,,,,,火金,,,,,,,,,,,,,,,,,,,,,,木,,,,,,,,,,,,,,,,月,,,,,,,,,,,,,,土,,,,
西淀川区,千舟,1丁目,5番,,,,,,,,,火金,,,,,,,,,,,,,,,,,,,,,,,,木,,,,,,,,,,,,,,,,月,,,,,,,,,,,,,,,土,,,
西淀川区,千舟,2丁目,1番,,,,,,,,,,火金,,,,,,,,,,,,,,,,,,,,,,,土,,,,,,,,,,,,,,,,水,,,,,,,,,,,,,,土,,,,
西淀川区,千舟,2丁目,2番,,,,,,,,,火金,,,,,,,,,,,,,,,,,,,,,,,,,土,,,,,,,,,,,,,,,,,水,,,,,,,,,,,,土,,,,
西淀川区,千舟,2丁目,3番,,,,,,,火金,,,,,,,,,,,,,,,,,,,,,,,,,土,,,,,,,,,,,,,,,,水,,,,,,,,,,,,,,,土,,,,
西淀川区,千舟,2丁目,4番,,,,,,,,,,,火金,,,,,,,,,,,,,,,,,,,,,,土,,,,,,,,,,,,,,,,,,水,,,,,,,,,,,,土,,,,
西淀川区,千舟,2丁目,5番,,,,,,,,,,,火金,,,,,,,,,,,,,,,,,,,,,,土,,,,,,,,,,,,,,,,水,,,,,,,,,,,,,,土,,,,
西淀川区,千舟,2丁目,6番,,,,,,,,,,,火金,,,,,,,,,,,,,,,,,,,,,,土,,,,,,,,,,,,,,,,水,,,,,,,,,,,,,,土,,,,
西淀川区,千舟,2丁目,7番,,,,,,,,,,,火金,,,,,,,,,,,,,,,,,,,,,,土,,,,,,,,,,,,,,,,,,水,,,,,,,,,,,,土,,,,
西淀川区,千舟,2丁目,8番,,,,,,,,,,,火金,,,,,,,,,,,,,,,,,,,,,,土,,,,,,,,,,,,,,,水,,,,,,,,,,,,,,,土,,,,
西淀川区,千舟,2丁目,9番,,,,,,,,,,,火金,,,,,,,,,,,,,,,,,,,,,土,,,,,,,,,,,,,,,,,,水,,,,,,,,,,,,,土,,,,
西淀川区,千舟,2丁目,10番,,,,,,,,,,,火金,,,,,,,,,,,,,,,,,,,,,,土,,,,,,,,,,,,,,,,水,,,,,,,,,,,,,,土,,,,
西淀川区,千舟,2丁目,11番,,,,,,,,,,,火金,,,,,,,,,,,,,,,,,,,,,土,,,,,,,,,,,,,,,,水,,,,,,,,,,,,,,,土,,,,
西淀川区,千舟,2丁目,12番,,,,,,,,,,,火金,,,,,,,,,,,,,,,,,,,,,,,土,,,,,,,,,,,,,,,水,,,,,,,,,,,,,,,土,,,
西淀川区,千舟,2丁目,13番,,,,,,,,,,,火金,,,,,,,,,,,,,,,,,,,,,,土,,,,,,,,,,,,,,,,水,,,,,,,,,,,,,,,土,,,
西淀川区,千舟,2丁目,14番,,,,,,,,,,,火金,,,,,,,,,,,,,,,,,,,,,,土,,,,,,,,,,,,,,,,,,水,,,,,,,,,,,,,土,,,
西淀川区,千舟,2丁目,15番,,,,,,,,,,,火金,,,,,,,,,,,,,,,,,,,,,,土,,,,,,,,,,,,,,,,水,,,,,,,,,,,,,,,土,,,
西淀川区,千舟,3丁目,1番,,,,,,,,,火金,,,,,,,,,,,,,,,,,,,,,,,土,,,,,,,,,,,,,,,,水,,,,,,,,,,,,,,,土,,,,
西淀川区,千舟,3丁目,2番,,,,,,,,,火金,,,,,,,,,,,,,,,,,,,,,,,,土,,,,,,,,,,,,,,,水,,,,,,,,,,,,,,,,土,,,
西淀川区,千舟,3丁目,4番,,,,,,,,,,,火金,,,,,,,,,,,,,,,,,,,,,,土,,,,,,,,,,,,,,,,水,,,,,,,,,,,,,,土,,,,
西淀川区,千舟,3丁目,5番,,,,,,,,,,,火金,,,,,,,,,,,,,,,,,,,,,,,土,,,,,,,,,,,,,,,水,,,,,,,,,,,,,,土,,,,
西淀川区,千舟,3丁目,6番,,,,,,,,,,,火金,,,,,,,,,,,,,,,,,,,,,,土,,,,,,,,,,,,,,,,,水,,,,,,,,,,,,,土,,,,
西淀川区,千舟,3丁目,7番,,,,,,,火金,,,,,,,,,,,,,,,,,,,,,,,,,土,,,,,,,,,,,,,,,,,水,,,,,,,,,,,,,,土,,,,
西淀川区,千舟,3丁目,8番,,,,,,,火金,,,,,,,,,,,,,,,,,,,,,,,,,土,,,,,,,,,,,,,,,,,水,,,,,,,,,,,,,,,土,,,
西淀川区,千舟,3丁目,9番,,,,,,,,,,火金,,,,,,,,,,,,,,,,,,,,,,土,,,,,,,,,,,,,,,,,,水,,,,,,,,,,,,,土,,,,
西淀川区,佃,1丁目,1番,キングマンション千船1~4番館,,,,,,,,,,,,,,月木,,,,,,,,,,,,,,,,金,,,,,,,,,,,,,,,,火,,,,,,,,,,,,,,,,,,,,
西淀川区,佃,1丁目,1番,上記以外,,,,,,水土,,,,,,,,,,,,,,,,,,,,,,,金,,,,,,,,,,,,,,,,火,,,,,,,,,,,,,,,,,,,,,火
西淀川区,佃,1丁目,2番,軽四輪車(小さい車)で収集している地域,,,,,,,水土,,,,,,,,,,,,,,,,,,,,金,,,,,,,,,,,,,,,,,火,,,,,,,,,,,,,,,,,,,,,火,
西淀川区,佃,1丁目,2番,上記以外,,,,,,水土,,,,,,,,,,,,,,,,,,,,,,,金,,,,,,,,,,,,,,,,火,,,,,,,,,,,,,,,,,,,,,火
西淀川区,佃,1丁目,3番,,,,,,,水土,,,,,,,,,,,,,,,,,,,,,,,金,,,,,,,,,,,,,,,,火,,,,,,,,,,,,,,,,,,,火,,
西淀川区,佃,1丁目,4番,,,,,,,水土,,,,,,,,,,,,,,,,,,,,,,,金,,,,,,,,,,,,,,,,火,,,,,,,,,,,,,,,,,,,,火,
西淀川区,佃,1丁目,5番,,,,,,,水土,,,,,,,,,,,,,,,,,,,,,,,金,,,,,,,,,,,,,,,,火,,,,,,,,,,,,,,,,,,,,火,
西淀川区,佃,1丁目,6番,,,,,,,水土,,,,,,,,,,,,,,,,,,,,,金,,,,,,,,,,,,,,,,火,,,,,,,,,,,,,,,,,,,,,,火,
西淀川区,佃,1丁目,7番,,,,,,,,水土,,,,,,,,,,,,,,,,,,,,金,,,,,,,,,,,,,,,,火,,,,,,,,,,,,,,,,,,,,,,火,
西淀川区,佃,1丁目,8番,,,,,,,水土,,,,,,,,,,,,,,,,,,,,,金,,,,,,,,,,,,,,,,火,,,,,,,,,,,,,,,,,,,,,,火,
西淀川区,佃,1丁目,9番,,,,,,,,水土,,,,,,,,,,,,,,,,,,,,,,金,,,,,,,,,,,,,,,,火,,,,,,,,,,,,,,,,,,,,火,
西淀川区,佃,1丁目,10番,,,,,,,水土,,,,,,,,,,,,,,,,,,,,,,,金,,,,,,,,,,,,,,,,火,,,,,,,,,,,,,,,,,,,,火,
西淀川区,佃,1丁目,11番,,,,,,,水土,,,,,,,,,,,,,,,,,,,,,,,金,,,,,,,,,,,,,,,火,,,,,,,,,,,,,,,,,,,,,火,
西淀川区,佃,1丁目,12番,,,,,,,水土,,,,,,,,,,,,,,,,,,,,,,,金,,,,,,,,,,,,,,,火,,,,,,,,,,,,,,,,,,,,,火,
西淀川区,佃,1丁目,13番,,,,,,,水土,,,,,,,,,,,,,,,,,,,,,,,金,,,,,,,,,,,,,,,,火,,,,,,,,,,,,,,,,,,,,,火
西淀川区,佃,1丁目,14番,,,,,,,水土,,,,,,,,,,,,,,,,,,,,,,金,,,,,,,,,,,,,,,,火,,,,,,,,,,,,,,,,,,,,,,火
西淀川区,佃,1丁目,15番,,,,,,,水土,,,,,,,,,,,,,,,,,,,,,,金,,,,,,,,,,,,,,,,,火,,,,,,,,,,,,,,,,,,,,,火
西淀川区,佃,1丁目,16番,,,,,,,水土,,,,,,,,,,,,,,,,,,,,,,,金,,,,,,,,,,,,,,,,火,,,,,,,,,,,,,,,,,,,,,火
西淀川区,佃,1丁目,17番,,,,,,,水土,,,,,,,,,,,,,,,,,,,,,,,金,,,,,,,,,,,,,,,,火,,,,,,,,,,,,,,,,,,,,,火
西淀川区,佃,1丁目,18番,,,,,,,水土,,,,,,,,,,,,,,,,,,,,,金,,,,,,,,,,,,,,,,,,,,火,,,,,,,,,,,,,,,,,,,火
西淀川区,佃,1丁目,19番,,,,,,,水土,,,,,,,,,,,,,,,,,,,,,,,金,,,,,,,,,,,,,,,,火,,,,,,,,,,,,,,,,,,,,火,
西淀川区,佃,1丁目,20番,,,,,,,水土,,,,,,,,,,,,,,,,,,,,,,,金,,,,,,,,,,,,,,火,,,,,,,,,,,,,,,,,,,,,,火,
西淀川区,佃,1丁目,21番,,,,,,,水土,,,,,,,,,,,,,,,,,,,,,,,金,,,,,,,,,,,,,,火,,,,,,,,,,,,,,,,,,,,,,,火
西淀川区,佃,1丁目,22番,,,,,,,水土,,,,,,,,,,,,,,,,,,,,,,,金,,,,,,,,,,,,,,,火,,,,,,,,,,,,,,,,,,,,,火,
西淀川区,佃,1丁目,23番,,,,,,,水土,,,,,,,,,,,,,,,,,,,,,,,,金,,,,,,,,,,,,,,,火,,,,,,,,,,,,,,,,,,,,,火
西淀川区,佃,1丁目,24番,,,,,,,水土,,,,,,,,,,,,,,,,,,,,,,,金,,,,,,,,,,,,,,,,,火,,,,,,,,,,,,,,,,,,,,火
西淀川区,佃,1丁目,25番,,,,,,,水土,,,,,,,,,,,,,,,,,,,,,,,,金,,,,,,,,,,,,,,,,火,,,,,,,,,,,,,,,,,,,,火
西淀川区,佃,1丁目,26番,,,,,,,水土,,,,,,,,,,,,,,,,,,,,,,,,,金,,,,,,,,,,,,,,,,火,,,,,,,,,,,,,,,,,,,火
西淀川区,佃,2丁目,1番,,,,,,,水土,,,,,,,,,,,,,,,,,,,,,,,金,,,,,,,,,,,,,,,,火,,,,,,,,,,,,,,,,,,,,,火
西淀川区,佃,2丁目,2番,,,,,,,,水土,,,,,,,,,,,,,,,,,,,,,,金,,,,,,,,,,,,,,,,火,,,,,,,,,,,,,,,,,,,,,火
西淀川区,佃,2丁目,3番,軽四輪車(小さい車)で収集している地域,,,,,,,水土,,,,,,,,,,,,,,,,,,,,,,金,,,,,,,,,,,,,,,,,,火,,,,,,,,,,,,,,,,,,火,
西淀川区,佃,2丁目,3番,上記以外,,,,,,水土,,,,,,,,,,,,,,,,,,,,,金,,,,,,,,,,,,,,,,火,,,,,,,,,,,,,,,,,,,,,,,火
西淀川区,佃,2丁目,4番,,,,,,,水土,,,,,,,,,,,,,,,,,,,,,金,,,,,,,,,,,,,,,,火,,,,,,,,,,,,,,,,,,,,,,,火
西淀川区,佃,2丁目,5番,,,,,,,,水土,,,,,,,,,,,,,,,,,金,,,,,,,,,,,,,,,,火,,,,,,,,,,,,,,,,,,,,,,,,,,火
西淀川区,佃,2丁目,6番,,,,,,,水土,,,,,,,,,,,,,,,,,,,,,金,,,,,,,,,,,,,,,,,火,,,,,,,,,,,,,,,,,,,,,,火
西淀川区,佃,2丁目,7番,,,,,,,,,水土,,,,,,,,,,,,,,,,,,,金,,,,,,,,,,,,,,,,,火,,,,,,,,,,,,,,,,,,,,,,火
西淀川区,佃,2丁目,8番,軽四輪車(小さい車)で収集している地域,,,,,,,,,,水土,,,,,,,,,,,,,,,,,,,,金,,,,,,,,,,,,,,,,火,,,,,,,,,,,,,,,,,,,火,
西淀川区,佃,2丁目,8番,上記以外,,,,,,,水土,,,,,,,,,,,,,,,,,,,,金,,,,,,,,,,,,,,,,,,火,,,,,,,,,,,,,,,,,,,,火,
西淀川区,佃,2丁目,9番,軽四輪車(小さい車)で収集している地域,,,,,,,,,,水土,,,,,,,,,,,,,,,,,,,,金,,,,,,,,,,,,火,,,,,,,,,,,,,,,,,,,,,,,火,
西淀川区,佃,2丁目,9番,上記以外,,,水土,,,,,,,,,,,,,,,,,,,,,,,,金,,,,,,,,,,,,,,,,,火,,,,,,,,,,,,,,,,,,,,,火,
西淀川区,佃,2丁目,10番,ポントワーズ千船,,,,,,,,,,,,,,,水土,,,,,,,,,,,,,,,金,,,,,,,,,,,,,,,,,火,,,,,,,,,,,,,,,,火,,,
西淀川区,佃,2丁目,10番,軽四輪車(小さい車)で収集している地域,,,水土,,,,,,,,,,,,,,,,,,,,,,,,,,金,,,,,,,,,,,,,火,,,,,,,,,,,,,,,,,,,,,,火,,
西淀川区,佃,2丁目,10番,上記以外,,,,,,,水土,,,,,,,,,,,,,,,,金,,,,,,,,,,,,,,,,,,火,,,,,,,,,,,,,,,,,,,,,,,,,火
西淀川区,佃,2丁目,11番,軽四輪車(小さい車)で収集している地域,,,水土,,,,,,,,,,,,,,,,,,,,,,,,,,,金,,,,,,,,,,,,,,,,火,,,,,,,,,,,,,,,,,,,火,
西淀川区,佃,2丁目,11番,上記以外,,,,,,,,,,,,,,,,水土,,,,,,,,,,,,,,金,,,,,,,,,,,,,,,,火,,,,,,,,,,,,,,,,,,,,火
西淀川区,佃,2丁目,12番,3~10号･25~26号,,,,,,,,,,水土,,,,,,,,,,,,,,,,,,,,,金,,,,,,,,,,,,,,,,火,,,,,,,,,,,,,,,,,,火,
西淀川区,佃,2丁目,12番,上記以外,,,,,,,,,,,,,,,水土,,,,,,,,,,,,,,金,,,,,,,,,,,,,,,,,火,,,,,,,,,,,,,,,,,,,火,
西淀川区,佃,2丁目,13番,ローレルハイツ新佃公園,,,,,,,,,,,,,,水土,,,,,,,,,,,,,,,,金,,,,,,,,,,,,,,,,火,,,,,,,,,,,,,,,,,,,,
西淀川区,佃,2丁目,13番,上記以外,,,,,,,水土,,,,,,,,,,,,,,,,,,,,,金,,,,,,,,,,,,,,,,,火,,,,,,,,,,,,,,,,,,,,火,
西淀川区,佃,2丁目,14番,セントラルパレス千船アルテア,,,,,,,,,,,,,,水土,,,,,,,,,,,,,,,,金,,,,,,,,,,,,,,,,火,,,,,,,,,,,,,,,,,,,火,
西淀川区,佃,2丁目,14番,上記以外,,,,,,水土,,,,,,,,,,,,,,,,,,,,,,金,,,,,,,,,,,,,,,,火,,,,,,,,,,,,,,,,,,,,,火,
西淀川区,佃,2丁目,15番,佃コーポ,,,,,,,,,,,,,,水土,,,,,,,,,,,,,,,,金,,,,,,,,,,,,,,,,火,,,,,,,,,,,,,,,,,,,火,
西淀川区,佃,2丁目,15番,佃第2コーポ･佃第3コーポ,,,,,,,,,,,,,,水土,,,,,,,,,,,,,,,,金,,,,,,,,,,,,,,,,火,,,,,,,,,,,,,,,,,,,,
西淀川区,佃,2丁目,15番,上記以外,,,,,,水土,,,,,,,,,,,,,,,,,,,,,,金,,,,,,,,,,,,,,,,火,,,,,,,,,,,,,,,,,,,,,,火
西淀川区,佃,3丁目,1番,軽四輪車(小さい車)で収集している地域,,,,,,,,,,,,,,水土,,,,,,,,,,,,,,,,金,,,,,,,,,,,,,,,,,火,,,,,,,,,,,,,,,,,,火,
西淀川区,佃,3丁目,1番,上記以外,,,,,,,,,,,,,,水土,,,,,,,,,,,,,,,,金,,,,,,,,,,,,,,,,,火,,,,,,,,,,,,,,,,,,火,
西淀川区,佃,3丁目,2番,軽四輪車(小さい車)で収集している地域,,,,,,,水土,,,,,,,,,,,,,,,,,,,,,,,,金,,,,,,,,,,,,,,,,火,,,,,,,,,,,,,,,,,火,,
西淀川区,佃,3丁目,2番,上記以外,,,,,,水土,,,,,,,,,,,,,,,,,,金,,,,,,,,,,,,,,,,,火,,,,,,,,,,,,,,,,,,,,,,,,火,
西淀川区,佃,3丁目,3番,,,,,,,,,,,,,,,水土,,,,,,,,,,,,,,,,金,,,,,,,,,,,,,,,,,火,,,,,,,,,,,,,,,,,火,,
西淀川区,佃,3丁目,4番,軽四輪車(小さい車)で収集している地域,,,,,,,,,水土,,,,,,,,,,,,,,,,,,,,,,金,,,,,,,,,,,,,,,,,火,,,,,,,,,,,,,,,,火,,
西淀川区,佃,3丁目,4番,上記以外,,,,,,,,,,,,,,,水土,,,,,,,,,,,,,,,,金,,,,,,,,,,,,,,,,,火,,,,,,,,,,,,,,,,火,,
西淀川区,佃,3丁目,5番,8･10･12･13･14･16号,,,,,,,,,水土,,,,,,,,,,,,,,,,,,,,,,金,,,,,,,,,,,,,,,,,火,,,,,,,,,,,,,,,,,火,
西淀川区,佃,3丁目,5番,上記以外,,,,,,,,,,,,,,,水土,,,,,,,,,,,,,,,,,,金,,,,,,,,,,,,,,,,金,,,,,,,,,,,,,,,,火,
西淀川区,佃,3丁目,6番,軽四輪車(小さい車)で収集している地域,,,,,,,,水土,,,,,,,,,,,,,,,,,,,,,,,金,,,,,,,,,,,,,,,,,火,,,,,,,,,,,,,,,,火,,
西淀川区,佃,3丁目,6番,上記以外,,,,,,,,,,,,,,,,水土,,,,,,,金,,,,,,,,,,,,,,,,,火,,,,,,,,,,,,,,,,,,,,,,,,,火,
西淀川区,佃,3丁目,7番,軽四輪車(小さい車)で収集している地域,,,,,,,,水土,,,,,,,,,,,,,,,,,,,,,,,金,,,,,,,,,,,,,,,,,火,,,,,,,,,,,,,,,,火,,
西淀川区,佃,3丁目,7番,上記以外,,,,,,,,,,,,,,,,水土,,,,,,,,金,,,,,,,,,,,,,,,,,火,,,,,,,,,,,,,,,,,,,,,,,,火,
西淀川区,佃,3丁目,8番,軽四輪車(小さい車)で収集している地域,,,,,,,,,,,,,,,,水土,,,,,,,,,,,,,,,金,,,,,,,,,,,,,,,,火,,,,,,,,,,,,,,,,,,火,
西淀川区,佃,3丁目,8番,上記以外,,,,,,,,,,,,,,,,水土,,,,,,,,金,,,,,,,,,,,,,,,,火,,,,,,,,,,,,,,,,,,,,,,,,,火,
西淀川区,佃,3丁目,9番,,,,,,,,,,,,,,,,,水土,,,,,,,,金,,,,,,,,,,,,,,,,火,,,,,,,,,,,,,,,,,,,,,,,,,火,
西淀川区,佃,3丁目,10番,軽四輪車(小さい車)で収集している地域,,,,,,,,,,,,,,,水土,,,,,,,,,,,,,,,,金,,,,,,,,,,,,,,,,,火,,,,,,,,,,,,,,,,,,火
西淀川区,佃,3丁目,10番,上記以外,,,,,,,,,,,,,,,,水土,,,,,,,,金,,,,,,,,,,,,,,,,火,,,,,,,,,,,,,,,,,,,,,,,,,,火
西淀川区,佃,3丁目,11番,軽四輪車(小さい車)で収集している地域,,,,,,,,,,,,,,水土,,,,,,,,,,,,,,,,,金,,,,,,,,,,,,,,,火,,,,,,,,,,,,,,,,,,,,火
西淀川区,佃,3丁目,11番,上記以外,,,,,,,,,,,,,,,,水土,,,,,,,,金,,,,,,,,,,,,,,,,火,,,,,,,,,,,,,,,,,,,,,,,,,,火
西淀川区,佃,3丁目,12番,GROOVE千船駅前,,,,,,,,,,水土,,,,,,,,,,,,,,,,,,,,,金,,,,,,,,,,,,,,,,,火,,,,,,,,,,,,,,,,,火,
西淀川区,佃,3丁目,12番,軽四輪車(小さい車)で収集している地域,,,,,,,,,,,,,,水土,,,,,,,,,,,,,,,,,金,,,,,,,,,,,,,,,,,火,,,,,,,,,,,,,,,,,,火
西淀川区,佃,3丁目,12番,上記以外,,,,,,,,,,,,,,,,,水土,,,,,,金,,,,,,,,,,,,,,,,,火,,,,,,,,,,,,,,,,,,,,,,,,,火,
西淀川区,佃,3丁目,13番,軽四輪車(小さい車)で収集している地域,,,,,,,,,,,,水土,,,,,,,,,,,,,,,,,,,金,,,,,,,,,,,,,,,火,,,,,,,,,,,,,,,,,,,,火
西淀川区,佃,3丁目,13番,上記以外,,,,,,,,,,,,,,,水土,,,,,,,,,金,,,,,,,,,,,,,,,,,火,,,,,,,,,,,,,,,,,,,,,,,,,火
西淀川区,佃,3丁目,14番,軽四輪車(小さい車)で収集している地域,,,,,,,,,,,,,,,水土,,,,,,,,,,,,,,,,金,,,,,,,,,,,,,,,,,火,,,,,,,,,,,,,,,,,火,
西淀川区,佃,3丁目,14番,上記以外,,,,,,,,,,,,,,,水土,,,,,,,,,金,,,,,,,,,,,,,,,,火,,,,,,,,,,,,,,,,,,,,,,,,,,火
西淀川区,佃,3丁目,15番,,,,,,,,,,,,,,,,水土,,,,,,,,,金,,,,,,,,,,,,,,,,火,,,,,,,,,,,,,,,,,,,,,,,,,火,
西淀川区,佃,3丁目,16番,軽四輪車(小さい車)で収集している地域,,,,,,,,,,,,,,,水土,,,,,,,,,,,,,,,金,,,,,,,,,,,,,,,,,火,,,,,,,,,,,,,,,,,,火,
西淀川区,佃,3丁目,16番,上記以外,,,,,,,,,,,,,,,水土,,,,,,,,,金,,,,,,,,,,,,,,,,,,火,,,,,,,,,,,,,,,,,,,,,,,,火
西淀川区,佃,3丁目,17番,,,,,,,,,,,,,,,,水土,,,,,,,,,金,,,,,,,,,,,,,,,,火,,,,,,,,,,,,,,,,,,,,,,,,,,火
西淀川区,佃,3丁目,18番,,,,,,,,,,,,,,,,水土,,,,,,,,,,金,,,,,,,,,,,,,,,火,,,,,,,,,,,,,,,,,,,,,,,,,火,
西淀川区,佃,3丁目,19番,,,,,,,,,,,,,,,,水土,,,,,,,,,,,金,,,,,,,,,,,,,,,,火,,,,,,,,,,,,,,,,,,,,,,,,火
西淀川区,佃,3丁目,20番,上記以外,,,,,,,,,,,,,,水土,,,,,,,,,,,,,,,,金,,,,,,,,,,,,,,,,火,,,,,,,,,,,,,,,,,,,火,
西淀川区,佃,4丁目,1番,,,,,,,,,,,,,,,,,,水土,,,,,,,金,,,,,,,,,,,,,,,,,火,,,,,,,,,,,,,,,,,,,,,,,,火,
西淀川区,佃,4丁目,2番,軽四輪車(小さい車)で収集している地域,,,,,,,,,,,,,,水土,,,,,,,,,,,,,,,,,金,,,,,,,,,,,,,,,,火,,,,,,,,,,,,,,,,,,火,
西淀川区,佃,4丁目,2番,上記以外,,,,,,,,,,,,,,,水土,,,,,,,,,金,,,,,,,,,,,,,,,,火,,,,,,,,,,,,,,,,,,,,,,,,,火,
西淀川区,佃,4丁目,3番,,,,,,,,,,,,,,,,,,水土,,,,,,,金,,,,,,,,,,,,,,,,火,,,,,,,,,,,,,,,,,,,,,,,,,火,
西淀川区,佃,4丁目,4番,軽四輪車(小さい車)で収集している地域,,,,,,,,,,,,,,水土,,,,,,,,,金,,,,,,,,,,,,,,,,,火,,,,,,,,,,,,,,,,,,,,,,,,,火,
西淀川区,佃,4丁目,4番,上記以外,,,,,,,,,,,,,,,,水土,,,,,,,金,,,,,,,,,,,,,,,,,火,,,,,,,,,,,,,,,,,,,,,,,,,火,
西淀川区,佃,4丁目,5番,軽四輪車(小さい車)で収集している地域,,,,,,,,,,,,,,水土,,,,,,,,,,金,,,,,,,,,,,,,,,,火,,,,,,,,,,,,,,,,,,,,,,,,,火,
西淀川区,佃,4丁目,5番,上記以外,,,,,,,,,,,,,,,,水土,,,,,,,,金,,,,,,,,,,,,,,,,火,,,,,,,,,,,,,,,,,,,,,,,,,火,
西淀川区,佃,4丁目,6番,,,,,,,,,,,,,,,水土,,,,,,,,,金,,,,,,,,,,,,,,,,,火,,,,,,,,,,,,,,,,,,,,,,,,,火,
西淀川区,佃,4丁目,7番,,,,,,,,,,,,,,,水土,,,,,,,,,,金,,,,,,,,,,,,,,,,火,,,,,,,,,,,,,,,,,,,,,,,,,火,
西淀川区,佃,4丁目,8番,軽四輪車(小さい車)で収集している地域,,,,,,,,,,,,,,水土,,,,,,,,,,,,,,,,金,,,,,,,,,,,,,,,,,火,,,,,,,,,,,,,,,,,,,火
西淀川区,佃,4丁目,8番,上記以外,,,,,,,,,,,,,,水土,,,,,,,,,,,金,,,,,,,,,,,,,,,火,,,,,,,,,,,,,,,,,,,,,,,,,,火
西淀川区,佃,4丁目,9番,軽四輪車(小さい車)で収集している地域,,,,,,水土,,,,,,,,,,,,,,,,,,,,,,,,金,,,,,,,,,,,,,,,,,火,,,,,,,,,,,,,,,,,,火,
西淀川区,佃,4丁目,9番,上記以外,,,,,,,,,,,,,,,水土,,,,,,,,,金,,,,,,,,,,,,,,,,,火,,,,,,,,,,,,,,,,,,,,,,,,火,
西淀川区,佃,4丁目,10番,軽四輪車(小さい車)で収集している地域,,,,,,,,,,,,,,,水土,,,,,,,,,,,,,,,金,,,,,,,,,,,,,,,,,火,,,,,,,,,,,,,,,,,,火,
西淀川区,佃,4丁目,11番,,,,,,,,,,,,,,,水土,,,,,,,,,,,,,,,,金,,,,,,,,,,,,,,,,火,,,,,,,,,,,,,,,,,,,火,
西淀川区,佃,4丁目,12番,,,,,,,,,,,,,,,水土,,,,,,,,,,,,,,,,金,,,,,,,,,,,,,,,,火,,,,,,,,,,,,,,,,,,,火,
西淀川区,佃,4丁目,13番,,,,,,,,,,,,,,,水土,,,,,,,,,,,,,,,,金,,,,,,,,,,,,,,,,火,,,,,,,,,,,,,,,,,,,火,
西淀川区,佃,4丁目,14番,,,,,,,,,,,,,,,水土,,,,,,,,,,,,,,,,金,,,,,,,,,,,,,,,,火,,,,,,,,,,,,,,,,,,,火,
西淀川区,佃,5丁目,1番,,,,,,,,,,,,,,,,,水土,,,,,,,,金,,,,,,,,,,,,,,,,火,,,,,,,,,,,,,,,,,,,,,,,,,火,
西淀川区,佃,5丁目,2番,,,,,,,,,,,,,,,水土,,,,,,,,,,金,,,,,,,,,,,,,,,,火,,,,,,,,,,,,,,,,,,,,,,,,,火,
西淀川区,佃,5丁目,3番,,,,,,,,,,,,,,,水土,,,,,,,,,,,金,,,,,,,,,,,,,,,火,,,,,,,,,,,,,,,,,,,,,,,,,火,
西淀川区,佃,5丁目,4番,,,,,,,,,,,,,,,水土,,,,,,,,,,金,,,,,,,,,,,,,,,,火,,,,,,,,,,,,,,,,,,,,,,,,,火,
西淀川区,佃,5丁目,5番,,,,,,,,,,,,,,,,,水土,,,,,,,,,金,,,,,,,,,,,,,,,,火,,,,,,,,,,,,,,,,,,,,,,,,火,
西淀川区,佃,5丁目,6番,,,,,,,,,,,,,,,,水土,,,,,,,,,金,,,,,,,,,,,,,,,,,火,,,,,,,,,,,,,,,,,,,,,,,,火,
西淀川区,佃,5丁目,7番,,,,,,,,,,,,,,,,水土,,,,,,,,,,金,,,,,,,,,,,,,,,,火,,,,,,,,,,,,,,,,,,,,,,,,,火
西淀川区,佃,5丁目,8番,,,,,,,,,,,,,,,,水土,,,,,,,,,,金,,,,,,,,,,,,,,,,火,,,,,,,,,,,,,,,,,,,,,,,,火,
西淀川区,佃,5丁目,9番,,,,,,,,,,,,,,,,水土,,,,,,,,,金,,,,,,,,,,,,,,,,,火,,,,,,,,,,,,,,,,,,,,,,,,火,
西淀川区,佃,5丁目,10番,,,,,,,,,,,,,,,,水土,,,,,,,,,,金,,,,,,,,,,,,,,,,火,,,,,,,,,,,,,,,,,,,,,,,,火,
西淀川区,佃,5丁目,11番,,,,,,,,,,,,,,,,,,水土,,,,,,,金,,,,,,,,,,,,,,,,,火,,,,,,,,,,,,,,,,,,,,,,,,火,
西淀川区,佃,5丁目,12番,,,,,,,,,,,,,,,,,水土,,,,,,,,,,,,,,金,,,,,,,,,,,,,,,,火,,,,,,,,,,,,,,,,,,,火,
西淀川区,佃,6丁目,3番,,,,,,,,,,,,,,,,水土,,,,,,,,,,金,,,,,,,,,,,,,,,火,,,,,,,,,,,,,,,,,,,,,,,,,火,
西淀川区,佃,6丁目,4番,,,,,,,,,,,,,,,,水土,,,,,,,,,,金,,,,,,,,,,,,,,,,火,,,,,,,,,,,,,,,,,,,,,,,,火,
西淀川区,佃,6丁目,5番,,,,,,,,,,,,,,,,,水土,,,,,,,,,金,,,,,,,,,,,,,,,,火,,,,,,,,,,,,,,,,,,,,,,,,火,
西淀川区,佃,6丁目,6番,,,,,,,,,,,,,,,,,水土,,,,,,,,,金,,,,,,,,,,,,,,,,火,,,,,,,,,,,,,,,,,,,,,,,,火,
西淀川区,佃,6丁目,7番,,,,,,,,,,,,,,,,,水土,,,,,,,,,金,,,,,,,,,,,,,,,,火,,,,,,,,,,,,,,,,,,,,,,,,火,
西淀川区,佃,6丁目,8番,,,,,,,,,,,,,,,,水土,,,,,,,,,,金,,,,,,,,,,,,,,,,火,,,,,,,,,,,,,,,,,,,,,,,,火,
西淀川区,佃,6丁目,9番,,,,,,,,,,,,,,,,水土,,,,,,,,,,金,,,,,,,,,,,,,,,,火,,,,,,,,,,,,,,,,,,,,,,,,火,
西淀川区,佃,6丁目,10番,,,,,,,,,,,,,,,,,水土,,,,,,,,,金,,,,,,,,,,,,,,,,火,,,,,,,,,,,,,,,,,,,,,,,,火,
西淀川区,佃,6丁目,11番,,,,,,,,,,,,,,,,,,水土,,,,,,,,金,,,,,,,,,,,,,,,,火,,,,,,,,,,,,,,,,,,,,,,,,火,
西淀川区,佃,7丁目,4番,,,,,,,,,,,,,,,,,水土,,,,,,,,,金,,,,,,,,,,,,,,,,火,,,,,,,,,,,,,,,,,,,,,,,,火,
西淀川区,佃,7丁目,5番,,,,,,,,,,,,,,,,,水土,,,,,,,,,金,,,,,,,,,,,,,,,,火,,,,,,,,,,,,,,,,,,,,,,,,火,
西淀川区,出来島,1丁目,1番,,,,,,,,,水土,,,,,,,,,,,,,,,木,,,,,,,,,,,,,,,,,月,,,,,,,,,,,,,,,,,,,,,,木,,,,
西淀川区,出来島,1丁目,2番,,,,,,,,,水土,,,,,,,,,,,,,,,,木,,,,,,,,,,,,,,,,月,,,,,,,,,,,,,,,,,,,,,,木,,,,
西淀川区,出来島,1丁目,3番,府営出来島住宅,,,,,,,,火金,,,,,,,,,,,,,,,,木,,,,,,,,,,,,,,,,月,,,,,,,,,,,,,,,,,,,,,,木,,,,
西淀川区,出来島,1丁目,3番,上記以外,,,,,,,,水土,,,,,,,,,,,,,,,,木,,,,,,,,,,,,,,,,月,,,,,,,,,,,,,,,,,,,,,,木,,,,
西淀川区,出来島,1丁目,4番,,,,,,,,,,水土,,,,,,,,,,,,,,,,,,,,,木,,,,,,,,,,,,,,,,月,,,,,,,,,,,,,,,,,木,,,
西淀川区,出来島,1丁目,5番,,,,,,,,,,水土,,,,,,,,,,,,,,,木,,,,,,,,,,,,,,,,,月,,,,,,,,,,,,,,,,,,,,,,木,,,
西淀川区,出来島,1丁目,6番,,,,,,,,,水土,,,,,,,,,,,,,,,,木,,,,,,,,,,,,,,,,月,,,,,,,,,,,,,,,,,,,,,,,木,,,
西淀川区,出来島,1丁目,7番,,,,,,,,,水土,,,,,,,,,,,,,,,,木,,,,,,,,,,,,,,,,月,,,,,,,,,,,,,,,,,,,,,,木,,,,
西淀川区,出来島,1丁目,8番,,,,,,,,,水土,,,,,,,,,,,,,,,,木,,,,,,,,,,,,,,,,月,,,,,,,,,,,,,,,,,,,,,,木,,,,
西淀川区,出来島,1丁目,9番,,,,,,,水土,,,,,,,,,,,,,,,,,,木,,,,,,,,,,,,,,,,月,,,,,,,,,,,,,,,,,,,,,,,木,,,
西淀川区,出来島,1丁目,10番,,,,,,,,,水土,,,,,,,,,,,,,,,,木,,,,,,,,,,,,,,,月,,,,,,,,,,,,,,,,,,,,,,,,木,,,
西淀川区,出来島,1丁目,11番,,,,,,,,,水土,,,,,,,,,,,,,,,,木,,,,,,,,,,,,,,,,月,,,,,,,,,,,,,,,,,,,,,,,木,,,
西淀川区,出来島,1丁目,12番,,,,,,,,,水土,,,,,,,,,,,,,,,,木,,,,,,,,,,,,,,,,,月,,,,,,,,,,,,,,,,,,,,,,木,,,
西淀川区,出来島,1丁目,13番,,,,,,,,,,水土,,,,,,,,,,,,,,,木,,,,,,,,,,,,,,,,,月,,,,,,,,,,,,,,,,,,,,,,木,,,
西淀川区,出来島,2丁目,2番,,,,,,,,水土,,,,,,,,,,,,,,,,,木,,,,,,,,,,,,,,,,,月,,,,,,,,,,,,,,,,,,,,,,木,,,
西淀川区,出来島,2丁目,3番,,,,,,,,水土,,,,,,,,,,,,,,,,,,,,,,木,,,,,,,,,,,,,,,,,月,,,,,,,,,,,,,,,,,木,,,
西淀川区,出来島,2丁目,4番,,,,,,,,,水土,,,,,,,,,,,,,,,,,,,,,木,,,,,,,,,,,,,,,,月,,,,,,,,,,,,,,,,,,木,,,
西淀川区,出来島,2丁目,5番,,,,,,,,,水土,,,,,,,,,,,,,,,,,,,,,木,,,,,,,,,,,,,,,,,月,,,,,,,,,,,,,,,,,木,,,
西淀川区,出来島,2丁目,6番,,,,,,,,水土,,,,,,,,,,,,,,,,,,,,,,木,,,,,,,,,,,,,,,,,月,,,,,,,,,,,,,,,,,木,,,
西淀川区,出来島,2丁目,7番,,,,,,,水土,,,,,,,,,,,,,,,,,,,,,,,木,,,,,,,,,,,,,,,,,月,,,,,,,,,,,,,,,,,木,,,
西淀川区,出来島,2丁目,8番,,,,,,,,,水土,,,,,,,,,,,,,,,,,,,,,,木,,,,,,,,,,,,,,,,月,,,,,,,,,,,,,,,,,木,,,
西淀川区,出来島,2丁目,9番,レピア出来島,,,,,,,水土,,,,,,,,,,,,,,,,,,,,,,,木,,,,,,,,,,,,,,,月,,,,,,,,,,,,,,,,,,,,,
西淀川区,出来島,2丁目,9番,上記以外,,,,,,,,水土,,,,,,,,,,,,,,,,,,,,,,木,,,,,,,,,,,,,,,,月,,,,,,,,,,,,,,,,,木,,,
西淀川区,出来島,3丁目,1番,,,,,,,,,,水土,,,,,,,,,,,,,,,,,,,,金,,,,,,,,,,,,,,火,,,,,,,,,,,,,,,,,,,,木,,,
西淀川区,出来島,3丁目,2番,,,,,,,,,水土,,,,,,,,,,,,,,,,,,,,金,,,,,,,,,,,,,,,,,火,,,,,,,,,,,,,,,,,,,木,,
西淀川区,出来島,3丁目,3番,,,,,,,,,,水土,,,,,,,,,,,,,,,,,,,金,,,,,,,,,,,,,,,,火,,,,,,,,,,,,,,,,,,,,木,,
西淀川区,中島,1丁目,1番,,,,,,,火金,,,,,,,,,,,,,,,,木,,,,,,,,,,,,,,,,月,,,,,,,,,,,,,,,,,,,,,,,,,月,,,
西淀川区,中島,1丁目,2番,,,,,,,火金,,,,,,,,,,,,,,,,木,,,,,,,,,,,,,,,,月,,,,,,,,,,,,,,,,,,,,,,,,,月,,,
西淀川区,中島,1丁目,3番,,,,,,,火金,,,,,,,,,,,,,,,,木,,,,,,,,,,,,,,,,月,,,,,,,,,,,,,,,,,,,,,,,,,月,,,
西淀川区,中島,1丁目,4番,,,,,,,火金,,,,,,,,,,,,,,,,木,,,,,,,,,,,,,,,,月,,,,,,,,,,,,,,,,,,,,,,,,月,,,,
西淀川区,中島,1丁目,5番,,,,,,,火金,,,,,,,,,,,,,,,,木,,,,,,,,,,,,,,,,月,,,,,,,,,,,,,,,,,,,,,,,,月,,,,
西淀川区,中島,1丁目,6番,,,,,,,火金,,,,,,,,,,,,,,,,木,,,,,,,,,,,,,,,,月,,,,,,,,,,,,,,,,,,,,,,,,月,,,,
西淀川区,中島,1丁目,7番,,,,,,,火金,,,,,,,,,,,,,,,,木,,,,,,,,,,,,,,,,月,,,,,,,,,,,,,,,,,,,,,,,,月,,,,
西淀川区,中島,1丁目,8番,,,,,,,火金,,,,,,,,,,,,,,,,木,,,,,,,,,,,,,,,,月,,,,,,,,,,,,,,,,,,,,,,,,月,,,,
西淀川区,中島,1丁目,9番,,,,,,,火金,,,,,,,,,,,,,,,,木,,,,,,,,,,,,,,,,月,,,,,,,,,,,,,,,,,,,,,,,,月,,,,
西淀川区,中島,1丁目,10番,,,,,,,火金,,,,,,,,,,,,,,,,木,,,,,,,,,,,,,,,,月,,,,,,,,,,,,,,,,,,,,,,,,,月,,,
西淀川区,中島,1丁目,11番,,,,,,,火金,,,,,,,,,,,,,,,,木,,,,,,,,,,,,,,,,月,,,,,,,,,,,,,,,,,,,,,,,,月,,,,
西淀川区,中島,1丁目,12番,,,,,,,火金,,,,,,,,,,,,,,,,木,,,,,,,,,,,,,,,,月,,,,,,,,,,,,,,,,,,,,,,,,月,,,,
西淀川区,中島,1丁目,13番,,,,,,,火金,,,,,,,,,,,,,,,,木,,,,,,,,,,,,,,,,月,,,,,,,,,,,,,,,,,,,,,,,,,月,,,
西淀川区,中島,1丁目,14番,,,,,,,,火金,,,,,,,,,,,,,,,,木,,,,,,,,,,,,,,,月,,,,,,,,,,,,,,,,,,,,,,,,,月,,,
西淀川区,中島,1丁目,15番,,,,,,,火金,,,,,,,,,,,,,,,,木,,,,,,,,,,,,,,,,月,,,,,,,,,,,,,,,,,,,,,,,,,月,,,
西淀川区,中島,1丁目,16番,,,,,,,火金,,,,,,,,,,,,,,,,木,,,,,,,,,,,,,,,,月,,,,,,,,,,,,,,,,,,,,,,,,,月,,,
西淀川区,中島,1丁目,17番,,,,,,,火金,,,,,,,,,,,,,,,,木,,,,,,,,,,,,,,,,月,,,,,,,,,,,,,,,,,,,,,,,,,月,,,
西淀川区,中島,1丁目,18番,,,,,,,火金,,,,,,,,,,,,,,,,木,,,,,,,,,,,,,,,,月,,,,,,,,,,,,,,,,,,,,,,,,月,,,,
西淀川区,中島,1丁目,19番,,,,,,,火金,,,,,,,,,,,,,,,,,木,,,,,,,,,,,,,,,,月,,,,,,,,,,,,,,,,,,,,,,,,月,,,
西淀川区,中島,1丁目,20番,,,,,,,火金,,,,,,,,,,,,,,,,木,,,,,,,,,,,,,,,,月,,,,,,,,,,,,,,,,,,,,,,,,,月,,,
西淀川区,中島,1丁目,21番,,,,,,,火金,,,,,,,,,,,,,,,,,木,,,,,,,,,,,,,,,,月,,,,,,,,,,,,,,,,,,,,,,,,月,,,
西淀川区,中島,1丁目,22番,,,,,,,,火金,,,,,,,,,,,,,,,木,,,,,,,,,,,,,,,,月,,,,,,,,,,,,,,,,,,,,,,,,,,月,,
西淀川区,中島,1丁目,23番,,,,,,,火金,,,,,,,,,,,,,,,,木,,,,,,,,,,,,,,,,月,,,,,,,,,,,,,,,,,,,,,,,,月,,,,
西淀川区,中島,1丁目,24番,,,,,,,火金,,,,,,,,,,,,,,,,木,,,,,,,,,,,,,,,,月,,,,,,,,,,,,,,,,,,,,,,,,,月,,,
西淀川区,中島,1丁目,25番,,,,,,,火金,,,,,,,,,,,,,,,,,木,,,,,,,,,,,,,,,,月,,,,,,,,,,,,,,,,,,,,,,,月,,,,
西淀川区,中島,1丁目,26番,,,,,,,火金,,,,,,,,,,,,,,,,,木,,,,,,,,,,,,,,,,月,,,,,,,,,,,,,,,,,,,,,,,月,,,,
西淀川区,中島,1丁目,27番,,,,,,,火金,,,,,,,,,,,,,,,,,木,,,,,,,,,,,,,,,月,,,,,,,,,,,,,,,,,,,,,,,,月,,,,
西淀川区,中島,1丁目,28番,,,,,,,火金,,,,,,,,,,,,,,,,,木,,,,,,,,,,,,,,,,月,,,,,,,,,,,,,,,,,,,,,,,月,,,,
西淀川区,中島,1丁目,29番,,,,,,,火金,,,,,,,,,,,,,,,,,木,,,,,,,,,,,,,,,,月,,,,,,,,,,,,,,,,,,,,,,,月,,,,
西淀川区,中島,1丁目,30番,,,,,,,火金,,,,,,,,,,,,,,,,,木,,,,,,,,,,,,,,,月,,,,,,,,,,,,,,,,,,,,,,,,月,,,,
西淀川区,中島,1丁目,31番,,,,,,,,火金,,,,,,,,,,,,,,,,木,,,,,,,,,,,,,,,,月,,,,,,,,,,,,,,,,,,,,,,,月,,,,
西淀川区,中島,1丁目,32番,,,,,,,火金,,,,,,,,,,,,,,,,,木,,,,,,,,,,,,,,,月,,,,,,,,,,,,,,,,,,,,,,,,月,,,,
西淀川区,中島,1丁目,33番,,,,,,,火金,,,,,,,,,,,,,,,,,木,,,,,,,,,,,,,,,月,,,,,,,,,,,,,,,,,,,,,,,,月,,,,
西淀川区,中島,1丁目,34番,,,,,,,火金,,,,,,,,,,,,,,,,,木,,,,,,,,,,,,,,,月,,,,,,,,,,,,,,,,,,,,,,,,月,,,,
西淀川区,中島,1丁目,35番,,,,,,,,火金,,,,,,,,,,,,,,,木,,,,,,,,,,,,,,,,月,,,,,,,,,,,,,,,,,,,,,,,,,月,,,
西淀川区,中島,1丁目,36番,,,,,,,火金,,,,,,,,,,,,,,,,,木,,,,,,,,,,,,,,,月,,,,,,,,,,,,,,,,,,,,,,,,,月,,,
西淀川区,中島,1丁目,37番,,,,,,,火金,,,,,,,,,,,,,,,,木,,,,,,,,,,,,,,,,,月,,,,,,,,,,,,,,,,,,,,,,,月,,,,
西淀川区,中島,1丁目,38番,,,,,,,火金,,,,,,,,,,,,,,,,木,,,,,,,,,,,,,,,,月,,,,,,,,,,,,,,,,,,,,,,,,,月,,,
西淀川区,中島,1丁目,39番,,,,,,,火金,,,,,,,,,,,,,,,,木,,,,,,,,,,,,,,,,,月,,,,,,,,,,,,,,,,,,,,,,,月,,,,
西淀川区,中島,1丁目,40番,,,,,,,火金,,,,,,,,,,,,,,,,,木,,,,,,,,,,,,,,,,月,,,,,,,,,,,,,,,,,,,,,,,月,,,,
西淀川区,中島,1丁目,41番,,,,,,,火金,,,,,,,,,,,,,,,,,木,,,,,,,,,,,,,,,,月,,,,,,,,,,,,,,,,,,,,,,,月,,,,
西淀川区,中島,1丁目,42番,,,,,,,,火金,,,,,,,,,,,,,,,,木,,,,,,,,,,,,,,,,月,,,,,,,,,,,,,,,,,,,,,,,月,,,,
西淀川区,中島,2丁目,2番,,,,,,,火金,,,,,,,,,,,,,,,,木,,,,,,,,,,,,,,,,月,,,,,,,,,,,,,,,,,,,,,,,,,,月,,
西淀川区,中島,2丁目,4番,,,,,,,火金,,,,,,,,,,,,,,,,木,,,,,,,,,,,,,,,,月,,,,,,,,,,,,,,,,,,,,,,,,,,月,,
西淀川区,中島,2丁目,5番,,,,,,,火金,,,,,,,,,,,,,,,,木,,,,,,,,,,,,,,,,月,,,,,,,,,,,,,,,,,,,,,,,,,,月,,
西淀川区,中島,2丁目,6番,,,,,,,,火金,,,,,,,,,,,,,,,木,,,,,,,,,,,,,,,,月,,,,,,,,,,,,,,,,,,,,,,,,,,月,,
西淀川区,西島,1丁目,2番,,,,,,,火金,,,,,,,,,,,,,,,,木,,,,,,,,,,,,,,,,月,,,,,,,,,,,,,,,,,,,,,,,,,,月,,
西淀川区,野里,1丁目,1番,,,,,,,,,,月木,,,,,,,,,,,,,,金,,,,,,,,,,,,,,,,火,,,,,,,,,,,,,,,,,,,,,,,,,,金,
西淀川区,野里,1丁目,2番,,,,,,,,,月木,,,,,,,,,,,,,,,金,,,,,,,,,,,,,,,火,,,,,,,,,,,,,,,,,,,,,,,,,,,金,
西淀川区,野里,1丁目,3番,,,,,,,,,月木,,,,,,,,,,,,,,,金,,,,,,,,,,,,,,,,火,,,,,,,,,,,,,,,,,,,,,,,,,,金,
西淀川区,野里,1丁目,4番,,,,,,,,,月木,,,,,,,,,,,,,,,金,,,,,,,,,,,,,,,,火,,,,,,,,,,,,,,,,,,,,,,,,,,金,
西淀川区,野里,1丁目,5番,,,,,,,,,月木,,,,,,,,,,,,,,金,,,,,,,,,,,,,,,,,火,,,,,,,,,,,,,,,,,,,,,,,,,,金,
西淀川区,野里,1丁目,6番,,,,,,,,,,月木,,,,,,,,,,,,,,金,,,,,,,,,,,,,,,,火,,,,,,,,,,,,,,,,,,,,,,,,,,金,
西淀川区,野里,1丁目,7番,軽四輪車(小さい車)で収集している地域,,,,,,,,,,,,,,,,,月木,,,,,金,,,,,,,,,,,,,,,,火,,,,,,,,,,,,,,,,,,,,,,,,金,,,,
西淀川区,野里,1丁目,7番,上記以外,,,,,,,月木,,,,,,,,,,,,,,,金,,,,,,,,,,,,,,,,,火,,,,,,,,,,,,,,,,,,,,,,,,,金,,
西淀川区,野里,1丁目,8番,,,,,,,,月木,,,,,,,,,,,,,,,金,,,,,,,,,,,,,,,,火,,,,,,,,,,,,,,,,,金,,,,,,,,,,,
西淀川区,野里,1丁目,9番,,,,,,,,,月木,,,,,,,,,,,,,,,,金,,,,,,,,,,,,,,,火,,,,,,,,,,,,,,,,,,,,,,,,,,金,
西淀川区,野里,1丁目,10番,,,,,,,,,月木,,,,,,,,,,,,,,,金,,,,,,,,,,,,,,,,火,,,,,,,,,,,,,,,,,,,,,,,,,,金,
西淀川区,野里,1丁目,11番,,,,,,,,,,月木,,,,,,,,,,,,,,,金,,,,,,,,,,,,,,,,火,,,,,,,,,,,,,,,,,,,,,,,,,金,
西淀川区,野里,1丁目,12番,,,,,,,,,,月木,,,,,,,,,,,,,,,金,,,,,,,,,,,,,,,,火,,,,,,,,,,,,,,,,,,,,,,,,,金,
西淀川区,野里,1丁目,13番,,,,,,,,,,月木,,,,,,,,,,,,,,,金,,,,,,,,,,,,,,,,火,,,,,,,,,,,,,,,,,,,,,,,,,金,
西淀川区,野里,1丁目,14番,,,,,,,,,月木,,,,,,,,,,,,,,金,,,,,,,,,,,,,,,,火,,,,,,,,,,,,,,,,,,,,,,,,,,,金,
西淀川区,野里,1丁目,15番,軽四輪車(小さい車)で収集している地域,,,,,,,,,月木,,,,,,,,,,,,,,,金,,,,,,,,,,,,,,,,,火,,,,,,,,,,,,,,金,,,,,,,,,,,
西淀川区,野里,1丁目,15番,上記以外,,,,,,,月木,,,,,,,,,,,,,,,金,,,,,,,,,,,,,,,,火,,,,,,,,,,,,,,,,,金,,,,,,,,,,,
西淀川区,野里,1丁目,16番,軽四輪車(小さい車)で収集している地域,,,,,,,,月木,,,,,,,,,,,,,,,金,,,,,,,,,,,,,,,,火,,,,,,,,,,,,,,,,,,,,,,,,金,,,
西淀川区,野里,1丁目,16番,上記以外,,,,,,,月木,,,,,,,,,,,,,,,,金,,,,,,,,,,,,,,,火,,,,,,,,,,,,,,,,,金,,,,,,,,,,,
西淀川区,野里,1丁目,17番,,,,,,,,月木,,,,,,,,,,,,,,,金,,,,,,,,,,,,,,,,火,,,,,,,,,,,,,,,,,,,,,,,,,金,,,
西淀川区,野里,1丁目,18番,,,,,,,,,月木,,,,,,,,,,,,,,金,,,,,,,,,,,,,,,,火,,,,,,,,,,,,,,,,,,,,,,,,金,,,,
西淀川区,野里,1丁目,19番,,,,,,,,,,月木,,,,,,,,,,,,,金,,,,,,,,,,,,,,,,火,,,,,,,,,,,,,,,,,,,,,,,,,,,金,
西淀川区,野里,1丁目,20番,,,,,,,,,,月木,,,,,,,,,,,,,金,,,,,,,,,,,,,,,,火,,,,,,,,,,,,,,,,,,,,,,,,,,,金,
西淀川区,野里,1丁目,21番,,,,,,,月木,,,,,,,,,,,,,,,,金,,,,,,,,,,,,,,,,,火,,,,,,,,,,,,,,,,,,,,,,,,,,金,
西淀川区,野里,1丁目,22番,,,,,,,月木,,,,,,,,,,,,,,,,金,,,,,,,,,,,,,,,,火,,,,,,,,,,,,,,,,,,,,,,,,,,,金,
西淀川区,野里,1丁目,23番,,,,,,,月木,,,,,,,,,,,,,,,,,,金,,,,,,,,,,,,,,,,火,,,,,,,,,,,,,,,,,,,,,,,,,金,
西淀川区,野里,1丁目,24番,,,,,,,月木,,,,,,,,,,,,,,,,,,金,,,,,,,,,,,,,,,,火,,,,,,,,,,,,,,,,,,,,,,,,金,,
西淀川区,野里,1丁目,25番,,,,,,,,月木,,,,,,,,,,,,,,,金,,,,,,,,,,,,,,,,火,,,,,,,,,,,,,,,,,,,,,,,,,,金,,
西淀川区,野里,1丁目,26番,,,,,,,月木,,,,,,,,,,,,,,,,,金,,,,,,,,,,,,,,,火,,,,,,,,,,,,,,,,,,,,,,,,,,金,,
西淀川区,野里,1丁目,27番,,,,,,,月木,,,,,,,,,,,,,,,,金,,,,,,,,,,,,,,,,火,,,,,,,,,,,,,,,,,,,,,,,,,,,金,
西淀川区,野里,1丁目,28番,,,,,,,月木,,,,,,,,,,,,,,,,金,,,,,,,,,,,,,,,,火,,,,,,,,,,,,,,,,,,,,,,,,,,,金,
西淀川区,野里,1丁目,29番,,,,,,,月木,,,,,,,,,,,,,,,,,金,,,,,,,,,,,,,,,,火,,,,,,,,,,,,,,,,,,,,,,,,,,金,
西淀川区,野里,1丁目,30番,,,,,,,月木,,,,,,,,,,,,,,,,,金,,,,,,,,,,,,,,,,火,,,,,,,,,,,,,,,,,,,,,,,,,,金,
西淀川区,野里,1丁目,31番,,,,,,,月木,,,,,,,,,,,,,,,,金,,,,,,,,,,,,,,,,火,,,,,,,,,,,,,,,,,,,,,,,,,,金,,
西淀川区,野里,1丁目,32番,,,,,,,月木,,,,,,,,,,,,,,,,金,,,,,,,,,,,,,,,,火,,,,,,,,,,,,,,,,,,,,,,,,,,金,,
西淀川区,野里,2丁目,1番,軽四輪車(小さい車)で収集している地域,,,,,,,,,,,,,,,,,月木,,,,,金,,,,,,,,,,,,,,,,火,,,,,,,,,,,,,,,,,,,,,,,,金,,,,
西淀川区,野里,2丁目,1番,上記以外,,,,,,,月木,,,,,,,,,,,,,,,金,,,,,,,,,,,,,,,,火,,,,,,,,,,,,,,,,,金,,,,,,,,,,,
西淀川区,野里,2丁目,2番,軽四輪車(小さい車)で収集している地域,,,,,,,,,,,,,,,,月木,,,,,,金,,,,,,,,,,,,,,,,火,,,,,,,,,,,,,,,,,,,,,,,,金,,,,
西淀川区,野里,2丁目,2番,上記以外,,,,,,,,月木,,,,,,,,,,,,,,金,,,,,,,,,,,,,,,,火,,,,,,,,,,,,,,,,,金,,,,,,,,,,,
西淀川区,野里,2丁目,3番,軽四輪車(小さい車)で収集している地域,,,,,,,,,,,,,,,,,月木,,,,,,金,,,,,,,,,,,,,,,,火,,,,,,,,,,,,,,,,,,,,,,,,金,,,
西淀川区,野里,2丁目,3番,上記以外,,,,,,,,月木,,,,,,,,,,,,,,金,,,,,,,,,,,,,,,,火,,,,,,,,,,,,,,,,,金,,,,,,,,,,,
西淀川区,野里,2丁目,4番,軽四輪車(小さい車)で収集している地域,,,,,,,,,,,,,,,,月木,,,,,,,金,,,,,,,,,,,,,,,,火,,,,,,,,,,,,,,,,,,,,,,,金,,,,
西淀川区,野里,2丁目,4番,上記以外,,,,,,,,,,,,,,,,月木,,,,,,,金,,,,,,,,,,,,,,,,火,,,,,,,,,,,,,,,,,,,,,,,,,,金,
西淀川区,野里,2丁目,5番,軽四輪車(小さい車)で収集している地域,,,,,,,,,,,,,,,,月木,,,,,,金,,,,,,,,,,,,,,,,火,,,,,,,,,,,,,,,,,,,,,,,,金,,,,
西淀川区,野里,2丁目,5番,上記以外,,,,,,,,月木,,,,,,,,,,,,,,,金,,,,,,,,,,,,,,,火,,,,,,,,,,,,,,,,,,,,,,,,,,,金,
西淀川区,野里,2丁目,6番,軽四輪車(小さい車)で収集している地域,,,,,,,,,,,,,,,,,月木,,,,,,金,,,,,,,,,,,,,,,,火,,,,,,,,,,,,,,,,,,,,,,,金,,,,
西淀川区,野里,2丁目,6番,上記以外,,,,,,,,月木,,,,,,,,,,,,,,金,,,,,,,,,,,,,,,,,火,,,,,,,,,,,,,,,金,,,,,,,,,,,,
西淀川区,野里,2丁目,7番,軽四輪車(小さい車)で収集している地域,,,,,,,,,,,,,,,,,月木,,,,,,金,,,,,,,,,,,,,,,,火,,,,,,,,,,,,,,,,,,,,,,,金,,,,
西淀川区,野里,2丁目,7番,上記以外,,,,,,,,,月木,,,,,,,,,,,,,,金,,,,,,,,,,,,,,,,火,,,,,,,,,,,,,,,,,,,,,,,,,,金,
西淀川区,野里,2丁目,8番,軽四輪車(小さい車)で収集している地域,,,,,,,,,,,,,,,,,月木,,,,,金,,,,,,,,,,,,,,,,火,,,,,,,,,,,,,,,,,,,,,,,,金,,,,
西淀川区,野里,2丁目,8番,上記以外,,,,,,,月木,,,,,,,,,,,,,,,,金,,,,,,,,,,,,,,,,火,,,,,,,,,,,,,,,,,,,,,,,,,金,,
西淀川区,野里,2丁目,9番,軽四輪車(小さい車)で収集している地域,,,,,,,月木,,,,,,,,,,,,,,,,,金,,,,,,,,,,,,,,,,火,,,,,,,,,,,,,,,,,,,,,,,,金,,
西淀川区,野里,2丁目,9番,上記以外,,,,,,,月木,,,,,,,,,,,,,,,,金,,,,,,,,,,,,,,,火,,,,,,,,,,,,,,,,,,,,,,,,,,金,,
西淀川区,野里,2丁目,10番,軽四輪車(小さい車)で収集している地域,,,,,,,,月木,,,,,,,,,,,,,,,金,,,,,,,,,,,,,,,,火,,,,,,,,,,,,,,,,,,,,,,,,,金,,
西淀川区,野里,2丁目,10番,上記以外,,,,,,,月木,,,,,,,,,,,,,,,,,,,,,,,,,,金,,,,,,火,,,,,,,,,,,,,,,,,,,,,,,,,金,,
西淀川区,野里,2丁目,11番,,,,,,,,月木,,,,,,,,,,,,,,,金,,,,,,,,,,,,,,,,,火,,,,,,,,,,,,,,,,,,,,,,,,,金,,
西淀川区,野里,2丁目,12番,軽四輪車(小さい車)で収集している地域,,,,,,,,,,,,,,,,,,月木,,,,金,,,,,,,,,,,,,,,,火,,,,,,,,,,,,,,,,,,,,,,,,金,,,,
西淀川区,野里,2丁目,12番,上記以外,,,,,,,月木,,,,,,,,,,,,,,,,金,,,,,,,,,,,,,,,,火,,,,,,,,,,,,,,,,,,,,,,,,,金,,
西淀川区,野里,2丁目,13番,軽四輪車(小さい車)で収集している地域,,,,,,,,,,,,,,,,,,月木,,,,金,,,,,,,,,,,,,,,,火,,,,,,,,,,,,,,,,,,,,,,,,,金,,,
西淀川区,野里,2丁目,13番,上記以外,,,,,,,月木,,,,,,,,,,,,,,,,金,,,,,,,,,,,,,,,,火,,,,,,,,,,,,,,,,,,,,,,,,,金,,
西淀川区,野里,2丁目,14番,,,,,,,,,月木,,,,,,,,,,,,,,金,,,,,,,,,,,,,,,,火,,,,,,,,,,,,,,,,,,,,,,,,,金,,,
西淀川区,野里,2丁目,15番,,,,,,,,,,,,,,,,,,月木,,,,,,金,,,,,,,,,,,,,,,火,,,,,,,,,,,,,,,,,,,,,,,,金,,,,
西淀川区,野里,2丁目,16番,軽四輪車(小さい車)で収集している地域,,,,,,,,,,,,,,,,,,月木,,,,,金,,,,,,,,,,,,,,,火,,,,,,,,,,,,,,,,,,,,,,,,金,,,,
西淀川区,野里,2丁目,16番,上記以外,,,,,,月木,,,,,,,,,,,,,,,,金,,,,,,,,,,,,,,,,火,,,,,,,,,,,,,,,,,金,,,,,,,,,,,
西淀川区,野里,2丁目,17番,軽四輪車(小さい車)で収集している地域,,,,,,,,,,,,,,,,,,月木,,,,,金,,,,,,,,,,,,,,,火,,,,,,,,,,,,,,,,,,,,,,,,,金,,,
西淀川区,野里,2丁目,17番,上記以外,,,,,,,月木,,,,,,,,,,,,,,,金,,,,,,,,,,,,,,,,火,,,,,,,,,,,,,,,,,,,,,,,,,金,,,
西淀川区,野里,2丁目,18番,,,,,,,,月木,,,,,,,,,,,,,,,金,,,,,,,,,,,,,,,,,火,,,,,,,,,,,,,,,,,,,,,,,,金,,,
西淀川区,野里,2丁目,19番,,,,,,,,月木,,,,,,,,,,,,,,,,金,,,,,,,,,,,,,,,,,火,,,,,,,,,,,,,,,,,,,,,,,金,,,
西淀川区,野里,2丁目,20番,軽四輪車(小さい車)で収集している地域,,,,,,,月木,,,,,,,,,,,,,,,,,,金,,,,,,,,,,,,,,,,火,,,,,,,,,,,,,,,,,,,,,,,,金,
西淀川区,野里,2丁目,20番,上記以外,,,,,,,月木,,,,,,,,,,,,,,,,金,,,,,,,,,,,,,,,,火,,,,,,,,,,,,,,,,,,,,,,,,,,金,
西淀川区,野里,2丁目,21番,,,,,,,月木,,,,,,,,,,,,,,,,,,金,,,,,,,,,,,,,,,,火,,,,,,,,,,,,,,,,,,,,,,,,金,,
西淀川区,野里,2丁目,22番,,,,,,,月木,,,,,,,,,,,,,,,,,金,,,,,,,,,,,,,,,火,,,,,,,,,,,,,,,,,,,,,,,,,金,,,
西淀川区,野里,2丁目,23番,,,,,,,月木,,,,,,,,,,,,,,,,,金,,,,,,,,,,,,,,,,,,火,,,,,,,,,,,,,,,,,,,,,,,金,,
西淀川区,野里,2丁目,24番,,,,,,,月木,,,,,,,,,,,,,,,,,金,,,,,,,,,,,,,,,,火,,,,,,,,,,,,,,,,,,,,,,,,,金,,
西淀川区,野里,2丁目,25番,,,,,,,,月木,,,,,,,,,,,,,,,,金,,,,,,,,,,,,,,,,,,火,,,,,,,,,,,,,,,,,,,,,,,金,,
西淀川区,野里,3丁目,1番,,,,,,,,月木,,,,,,,,,,,,,,,金,,,,,,,,,,,,,,,,火,,,,,,,,,,,,,,,,,,,,,,,,,,金,,
西淀川区,野里,3丁目,2番,軽四輪車(小さい車)で収集している地域,,,,,,,月木,,,,,,,,,,,,,,,,金,,,,,,,,,,,,,,,,,火,,,,,,,,,,,,,,,,,,,,,,,金,,,
西淀川区,野里,3丁目,2番,上記以外,,,,,,月木,,,,,,,,,,,,,,,,金,,,,,,,,,,,,,,,,火,,,,,,,,,,,,,,,,,,,,,,,,,金,,,
西淀川区,野里,3丁目,3番,,,,,,,,,月木,,,,,,,,,,,,,,,,金,,,,,,,,,,,,,,,,火,,,,,,,,,,,,,,,,,,,,,,,金,,,
西淀川区,野里,3丁目,4番,,,,,,,月木,,,,,,,,,,,,,,,,,金,,,,,,,,,,,,,,,,,火,,,,,,,,,,,,,,,,,,,,,,,,金,,
西淀川区,野里,3丁目,5番,,,,,,,,,月木,,,,,,,,,,,,,,,,金,,,,,,,,,,,,,,,,火,,,,,,,,,,,,,,,,,,,,,,,金,,,
西淀川区,野里,3丁目,6番,,,,,,,,月木,,,,,,,,,,,,,,,,金,,,,,,,,,,,,,,,,,火,,,,,,,,,,,,,,,,,,,,,,,,金,,
西淀川区,花川,1丁目,1番,軽四輪車(小さい車)で収集している地域,,,,,,,月木,,,,,,,,,,,,,,,,土,,,,,,,,,,,,,,,,水,,,,,,,,,,,,,,,,,,,,,,,,土,,,
西淀川区,花川,1丁目,1番,上記以外,,,,,,月木,,,,,,,,,,,,,,,,,土,,,,,,,,,,,,,,,,水,,,,,,,,,,,,,,,,,,,,,,,,土,,,
西淀川区,花川,1丁目,2番,,,,,,,,月木,,,,,,,,,,,,,,,土,,,,,,,,,,,,,,,,,水,,,,,,,,,,,,,,,,,,,,,,,,,,土,
西淀川区,花川,1丁目,3番,,,,,,,,月木,,,,,,,,,,,,,,,土,,,,,,,,,,,,,,,,,水,,,,,,,,,,,,,,,,,,,,,,,,土,,,
西淀川区,花川,1丁目,4番,,,,,,,,月木,,,,,,,,,,,,,,,土,,,,,,,,,,,,,,,,,水,,,,,,,,,,,,,,,,,,,,,,,,土,,,
西淀川区,花川,1丁目,5番,,,,,,,月木,,,,,,,,,,,,,,,,,,,,,,,,,土,,,,,,,,,,,,,,,,水,,,,,,,,,,,,,,,,土,,,
西淀川区,花川,1丁目,6番,,,,,,,,月木,,,,,,,,,,,,,,,,,,,,,,,,土,,,,,,,,,,,,,,,,,,水,,,,,,,,,,,,,,土,,,
西淀川区,花川,1丁目,7番,軽四輪車(小さい車)で収集している地域,,,,,,,月木,,,,,,,,,,,,,,,土,,,,,,,,,,,,,,,,,水,,,,,,,,,,,,,,,,,,,,,,,,土,,,
西淀川区,花川,1丁目,7番,上記以外,,,,,,月木,,,,,,,,,,,,,,,,土,,,,,,,,,,,,,,,,,水,,,,,,,,,,,,,,,,,,,,,,,,土,,,
西淀川区,花川,1丁目,8番,軽四輪車(小さい車)で収集している地域,,,,,,,月木,,,,,,,,,,,,,,,,,,,,,,,,土,,,,,,,,,,,,,,,,,水,,,,,,,,,,,,,,,土,,,
西淀川区,花川,1丁目,8番,上記以外,,,,,,,,月木,,,,,,,,,,,,,,土,,,,,,,,,,,,,,,,,水,,,,,,,,,,,,,,,,,,,,,,,,土,,,
西淀川区,花川,1丁目,9番,,,,,,,,月木,,,,,,,,,,,,,,,,,,,,,,,,土,,,,,,,,,,,,,,,,水,,,,,,,,,,,,,,,,土,,,
西淀川区,花川,1丁目,10番,軽四輪車(小さい車)で収集している地域,,,,,,,月木,,,,,,,,,,,,,,,,,,,,,,,,土,,,,,,,,,,,,,,,,,水,,,,,,,,,,,,,,,土,,,
西淀川区,花川,1丁目,10番,上記以外,,,,,,,,月木,,,,,,,,,,,,,,土,,,,,,,,,,,,,,,,,水,,,,,,,,,,,,,,,,,,,,,,,,土,,,
西淀川区,花川,1丁目,11番,軽四輪車(小さい車)で収集している地域,,,,,,,月木,,,,,,,,,,,,,,,,,,,,,,,,土,,,,,,,,,,,,,,,,,水,,,,,,,,,,,,,,,土,,,
西淀川区,花川,1丁目,11番,上記以外,,,,,,,月木,,,,,,,,,,,,,,,土,,,,,,,,,,,,,,,,水,,,,,,,,,,,,,,,,,,,,,,,,,土,,,
西淀川区,花川,1丁目,12番,,,,,,,,月木,,,,,,,,,,,,,,,,土,,,,,,,,,,,,,,,水,,,,,,,,,,,,,,,,,,,,,,,,,土,,,
西淀川区,花川,1丁目,13番,軽四輪車(小さい車)で収集している地域,,,,,,,,月木,,,,,,,,,,,,,,,,,,,,,,,土,,,,,,,,,,,,,,,,水,,,,,,,,,,,,,,,,土,,,
西淀川区,花川,1丁目,13番,上記以外,,,,,,,月木,,,,,,,,,,,,,,,土,,,,,,,,,,,,,,,,,水,,,,,,,,,,,,,,,,,,,,,,,,土,,,
西淀川区,花川,1丁目,14番,軽四輪車(小さい車)で収集している地域,,,,,,,,月木,,,,,,,,,,,,,,,,,,,,,,,土,,,,,,,,,,,,,,,,水,,,,,,,,,,,,,,,,土,,,
西淀川区,花川,1丁目,14番,上記以外,,,,,,月木,,,,,,,,,,,,,,,,土,,,,,,,,,,,,,,,,,水,,,,,,,,,,,,,,,,,,,,,,,,土,,,
西淀川区,花川,1丁目,15番,軽四輪車(小さい車)で収集している地域,,,,,,,月木,,,,,,,,,,,,,,,,,,,,,,,,土,,,,,,,,,,,,,,,,水,,,,,,,,,,,,,,,,土,,,
西淀川区,花川,1丁目,15番,上記以外,,,,,,,月木,,,,,,,,,,,,,,,土,,,,,,,,,,,,,,,,水,,,,,,,,,,,,,,,,,,,,,,,,,土,,,
西淀川区,花川,1丁目,16番,軽四輪車(小さい車)で収集している地域,,,,,,,月木,,,,,,,,,,,,,,,,,,,,,,,,土,,,,,,,,,,,,,,,,水,,,,,,,,,,,,,,,土,,,,
西淀川区,花川,1丁目,16番,上記以外,,,,,,,月木,,,,,,,,,,,,,,,土,,,,,,,,,,,,,,,,,水,,,,,,,,,,,,,,,,,,,,,,,土,,,,
西淀川区,花川,1丁目,17番,軽四輪車(小さい車)で収集している地域,,,,,,,月木,,,,,,,,,,,,,,,,,,,,,,,,土,,,,,,,,,,,,,,,,水,,,,,,,,,,,,,,,,土,,,
西淀川区,花川,1丁目,17番,上記以外,,,,,,,月木,,,,,,,,,,,,,,,土,,,,,,,,,,,,,,,,水,,,,,,,,,,,,,,,,,,,,,,,,,土,,,
西淀川区,花川,2丁目,1番,,,,,,,,,月木,,,,,,,,,,,,,,,土,,,,,,,,,,,,,,,水,,,,,,,,,,,,,,,,,,,,,,,,,,土,,
西淀川区,花川,2丁目,2番,軽四輪車(小さい車)で収集している地域,,,,,,,月木,,,,,,,,,,,,,,,,土,,,,,,,,,,,,,,,,水,,,,,,,,,,,,,,,,,,,,,,,,,土,,
西淀川区,花川,2丁目,2番,上記以外,,,,,,,月木,,,,,,,,,,,,,,,,土,,,,,,,,,,,,,,,,水,,,,,,,,,,,,,,,,,,,,,,,,,土,,
西淀川区,花川,2丁目,3番,軽四輪車(小さい車)で収集している地域,,,,,,,月木,,,,,,,,,,,,,,,土,,,,,,,,,,,,,,,,,,水,,,,,,,,,,,,,,,,,,,,,,,,土,,
西淀川区,花川,2丁目,3番,上記以外,,,,,,,月木,,,,,,,,,,,,,,,土,,,,,,,,,,,,,,,,,,水,,,,,,,,,,,,,,,,,,,,,,,,土,,
西淀川区,花川,2丁目,4番,軽四輪車(小さい車)で収集している地域,,,,,,月木,,,,,,,,,,,,,,,,,,土,,,,,,,,,,,,,,,,水,,,,,,,,,,,,,,,,,,,,,,,,土,,
西淀川区,花川,2丁目,4番,上記以外,,,,,,,,月木,,,,,,,,,,,,,,,,土,,,,,,,,,,,,,,,,水,,,,,,,,,,,,,,,,,,,,,,,,土,,
西淀川区,花川,2丁目,5番,,,,,,,,月木,,,,,,,,,,,,,,,,土,,,,,,,,,,,,,,,水,,,,,,,,,,,,,,,,,,,,,,,,,,土,,
西淀川区,花川,2丁目,6番,,,,,,,,,月木,,,,,,,,,,,,,,,土,,,,,,,,,,,,,,,水,,,,,,,,,,,,,,,,,,,,,,,,,,土,,
西淀川区,花川,2丁目,7番,,,,,,,,,,月木,,,,,,,,,,,,,土,,,,,,,,,,,,,,,,,水,,,,,,,,,,,,,,,,,,,,,,,,,土,,
西淀川区,花川,2丁目,8番,,,,,,,,,,月木,,,,,,,,,,,,,土,,,,,,,,,,,,,,,,水,,,,,,,,,,,,,,,,,,,,,,,,,,土,,
西淀川区,花川,2丁目,9番,,,,,,,,月木,,,,,,,,,,,,,,,土,,,,,,,,,,,,,,,,水,,,,,,,,,,,,,,,,,,,,,,,,,土,,,
西淀川区,花川,2丁目,10番,,,,,,,,,,月木,,,,,,,,,,,,,,土,,,,,,,,,,,,,,,,水,,,,,,,,,,,,,,,,,,,,,,,,,土,,
西淀川区,花川,2丁目,11番,,,,,,,,,月木,,,,,,,,,,,,,,,土,,,,,,,,,,,,,,,水,,,,,,,,,,,,,,,,,,,,,,,,,,,土,
西淀川区,花川,2丁目,12番,,,,,,,,,,月木,,,,,,,,,,,,,,土,,,,,,,,,,,,,,,,水,,,,,,,,,,,,,,,,,,,,,,,,,土,,
西淀川区,花川,2丁目,13番,,,,,,,,,,月木,,,,,,,,,,,,,,土,,,,,,,,,,,,,,,水,,,,,,,,,,,,,,,,,,,,,,,,,,土,,
西淀川区,花川,2丁目,14番,,,,,,,,,,月木,,,,,,,,,,,,,,土,,,,,,,,,,,,,,,,水,,,,,,,,,,,,,,,,,,,,,,,,,土,,
西淀川区,花川,2丁目,15番,,,,,,,,,月木,,,,,,,,,,,,,,土,,,,,,,,,,,,,,,,水,,,,,,,,,,,,,,,,,,,,,,,,,,土,,
西淀川区,花川,2丁目,16番,,,,,,,,,月木,,,,,,,,,,,,,,土,,,,,,,,,,,,,,,,水,,,,,,,,,,,,,,,,,,,,,,,,,,土,,
西淀川区,花川,2丁目,17番,,,,,,,,,,月木,,,,,,,,,,,,,土,,,,,,,,,,,,,,,,水,,,,,,,,,,,,,,,,,,,,,,,,,,土,,
西淀川区,花川,2丁目,18番,,,,,,,,,,月木,,,,,,,,,,,,,土,,,,,,,,,,,,,,,,水,,,,,,,,,,,,,,,,,,,,,,,,,,土,,
西淀川区,花川,2丁目,19番,,,,,,,,,月木,,,,,,,,,,,,,,土,,,,,,,,,,,,,,,,水,,,,,,,,,,,,,,,,,,,,,,,,,,土,,
西淀川区,花川,2丁目,20番,,,,,,,,,月木,,,,,,,,,,,,,,土,,,,,,,,,,,,,,,,水,,,,,,,,,,,,,,,,,,,,,,,,,,土,,
西淀川区,花川,2丁目,21番,,,,,,,,,,月木,,,,,,,,,,,,,土,,,,,,,,,,,,,,,,水,,,,,,,,,,,,,,,,,,,,,,,,,,土,,
西淀川区,姫里,1丁目,1番,,,,,,,,,,,,,,,,,月木,,,,,,金,,,,,,,,,,,,,,,,火,,,,,,,,,,,,,,,,,,,,,,,,,金,,,
西淀川区,姫里,1丁目,2番,,,,,,,,,,,,,,,,,月木,,,,,,金,,,,,,,,,,,,,,,,火,,,,,,,,,,,,,,,,,,,,,,,,,金,,,
西淀川区,姫里,1丁目,3番,,,,,,,,,,,,,,,,,月木,,,,,,,金,,,,,,,,,,,,,,,火,,,,,,,,,,,,,,,,,,,,,,,,,,金,,
西淀川区,姫里,1丁目,4番,,,,,,,,,,,,,,,,,月木,,,,,,金,,,,,,,,,,,,,,,,火,,,,,,,,,,,,,,,,,,,,,,,,,,金,,
西淀川区,姫里,1丁目,5番,,,,,,,,,,,,,,,,,月木,,,,,,金,,,,,,,,,,,,,,,,火,,,,,,,,,,,,,,,,,,,,,,,,,,金,,
西淀川区,姫里,1丁目,6番,,,,,,,,,,,,,,,,,月木,,,,,,,金,,,,,,,,,,,,,,,,火,,,,,,,,,,,,,,,,,,,,,,,,,金,,
西淀川区,姫里,1丁目,7番,,,,,,,,,,,,,,,,,,月木,,,,,,金,,,,,,,,,,,,,,,,火,,,,,,,,,,,,,,,,,,,,,,,,金,,,
西淀川区,姫里,1丁目,8番,,,,,,,,,,,,,,,,,,月木,,,,,金,,,,,,,,,,,,,,,,火,,,,,,,,,,,,,,,,,,,,,,,,,金,,,
西淀川区,姫里,1丁目,9番,,,,,,,,,,,,,,,,,,月木,,,,,,金,,,,,,,,,,,,,,,,火,,,,,,,,,,,,,,,,,,,,,,,,金,,,
西淀川区,姫里,1丁目,10番,,,,,,,,,,,,,,,,月木,,,,,,,金,,,,,,,,,,,,,,,,火,,,,,,,,,,,,,,,,,,,,,,,,,金,,,
西淀川区,姫里,1丁目,11番,,,,,,,,,,,,,,,,,月木,,,,,,,金,,,,,,,,,,,,,,,,火,,,,,,,,,,,,,,,,,,,,,,,,金,,,
西淀川区,姫里,1丁目,12番,,,,,,,,,,,,,,,,,月木,,,,,,,金,,,,,,,,,,,,,,,,火,,,,,,,,,,,,,,,,,,,,,,,,金,,,
西淀川区,姫里,1丁目,13番,,,,,,,,,,,,,,,,,月木,,,,,,金,,,,,,,,,,,,,,,,火,,,,,,,,,,,,,,,,,,,,,,,,,,金,,
西淀川区,姫里,1丁目,14番,,,,,,,,,,,,,,,,,,月木,,,,,金,,,,,,,,,,,,,,,,火,,,,,,,,,,,,,,,,,,,,,,,,,,金,,
西淀川区,姫里,1丁目,15番,,,,,,,,,,,,,,,,,,月木,,,,,,金,,,,,,,,,,,,,,,火,,,,,,,,,,,,,,,,,,,,,,,,,,金,,
西淀川区,姫里,1丁目,16番,,,,,,,,,,,,,,,,,月木,,,,,,,金,,,,,,,,,,,,,,,火,,,,,,,,,,,,,,,,,,,,,,,,,,,金,
西淀川区,姫里,1丁目,17番,,,,,,,,,,,,,,,,月木,,,,,,,,金,,,,,,,,,,,,,,,火,,,,,,,,,,,,,,,,,,,,,,,,,,金,,
西淀川区,姫里,1丁目,18番,,,,,,,,,,,,,,,,,月木,,,,,,金,,,,,,,,,,,,,,,,火,,,,,,,,,,,,,,,,,,,,,,,,,,,金,
西淀川区,姫里,1丁目,19番,,,,,,,,,,,,,,,,,月木,,,,,,金,,,,,,,,,,,,,,,,火,,,,,,,,,,,,,,,,,,,,,,,,,,金,,
西淀川区,姫里,1丁目,20番,,,,,,,,,,,,,,,,,月木,,,,,,金,,,,,,,,,,,,,,,,火,,,,,,,,,,,,,,,,,,,,,,,,,,金,,
西淀川区,姫里,1丁目,21番,,,,,,,,,,,,,,,,,月木,,,,,,金,,,,,,,,,,,,,,,,,火,,,,,,,,,,,,,,,,,,,,,,,,,金,,
西淀川区,姫里,1丁目,22番,,,,,,,,,,,,,,,,,,,月木,,,,,金,,,,,,,,,,,,,,,,火,,,,,,,,,,,,,,,,,,,,,,,,,金,,
西淀川区,姫里,1丁目,23番,,,,,,,,,,,,,,,,,,月木,,,,,,金,,,,,,,,,,,,,,,,火,,,,,,,,,,,,,,,,,,,,,,,,,金,,
西淀川区,姫里,1丁目,24番,,,,,,,,,,,,,,,,,,月木,,,,,金,,,,,,,,,,,,,,,,,,火,,,,,,,,,,,,,,,,,,,,,,,,金,,
西淀川区,姫里,1丁目,25番,,,,,,,,,,,,,,,,,,月木,,,,,,金,,,,,,,,,,,,,,,,火,,,,,,,,,,,,,,,,,,,,,,,,,金,,
西淀川区,姫里,1丁目,26番,,,,,,,,,,,,,,,,,,月木,,,,,金,,,,,,,,,,,,,,,,火,,,,,,,,,,,,,,,,,,,,,,,,,,金,,
西淀川区,姫里,2丁目,1番,,,,,,,,,月木,,,,,,,,,,,,,,金,,,,,,,,,,,,,,,,火,,,,,,,,,,,,,,,,,,,,,,,,,,金,,
西淀川区,姫里,2丁目,2番,,,,,,,,,,月木,,,,,,,,,,,,,,金,,,,,,,,,,,,,,,火,,,,,,,,,,,,,,,,,,,,,,,,,,金,,
西淀川区,姫里,2丁目,3番,,,,,,,,,,月木,,,,,,,,,,,,,,金,,,,,,,,,,,,,,,火,,,,,,,,,,,,,,,,,,,,,,,,,,金,,
西淀川区,姫里,2丁目,4番,,,,,,,,,,月木,,,,,,,,,,,,,金,,,,,,,,,,,,,,,,火,,,,,,,,,,,,,,,,,,,,,,,,,,金,,
西淀川区,姫里,2丁目,5番,,,,,,,,月木,,,,,,,,,,,,,,,,金,,,,,,,,,,,,,,,火,,,,,,,,,,,,,,,,,,,,,,,,,,金,,
西淀川区,姫里,2丁目,6番,,,,,,,,,,,,,,,,,月木,,,,,,金,,,,,,,,,,,,,,,,火,,,,,,,,,,,,,,,,,,,,,,,,,金,,,
西淀川区,姫里,2丁目,7番,,,,,,,,,,,,,,,,,,,月木,,,,金,,,,,,,,,,,,,,,,火,,,,,,,,,,,,,,,,,,,,,,,,,,金,,
西淀川区,姫里,2丁目,8番,,,,,,,,,,,,,,,,,,,月木,,,,金,,,,,,,,,,,,,,,,火,,,,,,,,,,,,,,,,,,,,,,,,,金,,,
西淀川区,姫里,2丁目,9番,,,,,,,,,,,,,,,,,,月木,,,,,金,,,,,,,,,,,,,,,,火,,,,,,,,,,,,,,,,,,,,,,,,,,金,,
西淀川区,姫里,2丁目,10番,,,,,,,,,,,,,,,,,,月木,,,,,金,,,,,,,,,,,,,,,,火,,,,,,,,,,,,,,,,,,,,,,,,,金,,,
西淀川区,姫里,2丁目,11番,,,,,,,,,,,,,,,,,,月木,,,,,金,,,,,,,,,,,,,,,,火,,,,,,,,,,,,,,,,,,,,,,,,,金,,,
西淀川区,姫里,2丁目,12番,,,,,,,,,,,,,,,,,,月木,,,,,金,,,,,,,,,,,,,,,,火,,,,,,,,,,,,,,,,,,,,,,,,,金,,,
西淀川区,姫里,2丁目,13番,,,,,,,,,,,,,,,,,,月木,,,,,金,,,,,,,,,,,,,,,,火,,,,,,,,,,,,,,,,,,,,,,,,,金,,,
西淀川区,姫里,2丁目,14番,,,,,,,,,,,,,,,,,,月木,,,,,金,,,,,,,,,,,,,,,,火,,,,,,,,,,,,,,,,,,,,,,,,,金,,,
西淀川区,姫里,2丁目,15番,,,,,,,,,,月木,,,,,,,,,,,,,金,,,,,,,,,,,,,,,,火,,,,,,,,,,,,,,,,,,,,,,,,,,金,,
西淀川区,姫里,2丁目,16番,,,,,,,,,,月木,,,,,,,,,,,,,金,,,,,,,,,,,,,,,,火,,,,,,,,,,,,,,,,,,,,,,,,,,金,,
西淀川区,姫里,2丁目,17番,,,,,,,,,月木,,,,,,,,,,,,,,金,,,,,,,,,,,,,,,,火,,,,,,,,,,,,,,,,,,,,,,,,,,金,,
西淀川区,姫里,3丁目,1番,,,,,,,,,,,,,,,,火金,,,,,,,,,,,,,,,,木,,,,,,,,,,,,,,,,,月,,,,,,,,,,,,,,,,,木,
西淀川区,姫里,3丁目,2番,,,,,,,,,,,,,,,,火金,,,,,,,,,,,,,,,,木,,,,,,,,,,,,,,,,月,,,,,,,,,,,,,,,,,,木,
西淀川区,姫里,3丁目,3番,,,,,,,,,,,,,,,,火金,,,,,,,,,,,,,,,,木,,,,,,,,,,,,,,,,月,,,,,,,,,,,,,,,,,,木,
西淀川区,姫里,3丁目,4番,,,,,,,,,,,,,,,,火金,,,,,,,,,,,,,,,,木,,,,,,,,,,,,,,,,月,,,,,,,,,,,,,,,,,,木,
西淀川区,姫里,3丁目,5番,,,,,,,,,,,,,,,火金,,,,,,,,,,,,,,,,,木,,,,,,,,,,,,,,,,月,,,,,,,,,,,,,,,,,,木,
西淀川区,姫里,3丁目,6番,,,,,,,,,,,,,,,火金,,,,,,,,,,,,,,,,木,,,,,,,,,,,,,,,,,月,,,,,,,,,,,,,,,,,木,,
西淀川区,姫里,3丁目,7番,,,,,,,,,,,,,,,火金,,,,,,,,,,,,,,,,木,,,,,,,,,,,,,,,,月,,,,,,,,,,,,,,,,,,木,,
西淀川区,姫里,3丁目,8番,,,,,,,,,,,,,,,,,火金,,,,,,,,,,,,,,,木,,,,,,,,,,,,,,,,月,,,,,,,,,,,,,,,,,木,,
西淀川区,姫里,3丁目,9番,,,,,,,,,,,,,,,,,火金,,,,,,,,,,,,,,,木,,,,,,,,,,,,,,,,月,,,,,,,,,,,,,,,,,木,,
西淀川区,姫里,3丁目,10番,,,,,,,,,,,,,,,,火金,,,,,,,,,,,,,,,木,,,,,,,,,,,,,,,,,月,,,,,,,,,,,,,,,,,,木,
西淀川区,姫里,3丁目,11番,,,,,,,,,,,,,,,,火金,,,,,,,,,,,,,,,,木,,,,,,,,,,,,,,,,月,,,,,,,,,,,,,,,,,,木,
西淀川区,姫里,3丁目,12番,ワンダースクエア,,,,,,,,,,,,,,火金,,,,,,,,,,,,,,,,,木,,,,,,,,,,,,,,,,月,,,,,,,,,,,,,,,,,,,
西淀川区,姫里,3丁目,12番,上記以外,,,,,,,,,,,,,,,火金,,,,,,,,,,,,,,,,木,,,,,,,,,,,,,,,,,月,,,,,,,,,,,,,,,,,木,
西淀川区,姫里,3丁目,13番,,,,,,,,,,,,,,,火金,,,,,,,,,,,,,,,,,木,,,,,,,,,,,,,,,,月,,,,,,,,,,,,,,,,,,木,
西淀川区,姫島,1丁目,1番,,,,,,,,,,,,,,,,,火金,,,,,,,,,,,,,,,,木,,,,,,,,,,,,,,,,月,,,,,,,,,,,,,,月,,,,
西淀川区,姫島,1丁目,2番,,,,,,,,,,,,,,,,火金,,,,,,,,,,,,,,,,木,,,,,,,,,,,,,,,,,月,,,,,,,,,,,,,,月,,,,
西淀川区,姫島,1丁目,3番,,,,,,,,,,,,,,,,火金,,,,,,,,,,,,,,,,木,,,,,,,,,,,,,,,,,月,,,,,,,,,,,,,,,月,,,
西淀川区,姫島,1丁目,4番,,,,,,,,,,,,,,,,火金,,,,,,,,,,,,,,,木,,,,,,,,,,,,,,,,月,,,,,,,,,,,,,,,,月,,,,
西淀川区,姫島,1丁目,5番,,,,,,,,,,,,,,,火金,,,,,,,,,,,,,,,,木,,,,,,,,,,,,,,,,月,,,,,,,,,,,,,,,,,月,,,
西淀川区,姫島,1丁目,6番,,,,,,,,,,,,,,,,火金,,,,,,,,,,,,,,木,,,,,,,,,,,,,,,,月,,,,,,,,,,,,,,,,,月,,,,
西淀川区,姫島,1丁目,7番,,,,,,,,,,,,,,,,火金,,,,,,,,,,,,,,,木,,,,,,,,,,,,,,,,,月,,,,,,,,,,,,,,,月,,,,
西淀川区,姫島,1丁目,8番,,,,,,,,,,,,,,,,火金,,,,,,,,,,,,,,,木,,,,,,,,,,,,,,,,,月,,,,,,,,,,,,,,,月,,,,
西淀川区,姫島,1丁目,9番,,,,,,,,,,,,,,,,火金,,,,,,,,,,,,,,,木,,,,,,,,,,,,,,,,月,,,,,,,,,,,,,,,,月,,,,
西淀川区,姫島,1丁目,11番,,,,,,,,,,,,,,,,,火金,,,,,,,,,,,,,,木,,,,,,,,,,,,,,,,,月,,,,,,,,,,,,,,,月,,,,
西淀川区,姫島,1丁目,12番,,,,,,,,,,,,,,,,火金,,,,,,,,,,,,,,,,,,木,,,,,,,,,,,,,,,,月,,,,,,,,,,,,,月,,,,
西淀川区,姫島,1丁目,13番,,,,,,,,,,,,,,,,,,火金,,,,,,,,,,,,,,,木,,,,,,,,,,,,,,,,月,,,,,,,,,,,,,,,月,,,
西淀川区,姫島,1丁目,14番,,,,,,,,,,,,,,,,火金,,,,,,,,,,,,,,,,木,,,,,,,,,,,,,,,,月,,,,,,,,,,,,,,,,月,,,
西淀川区,姫島,1丁目,15番,,,,,,,,,,,,,,,火金,,,,,,,,,,,,,,,,,木,,,,,,,,,,,,,,,,月,,,,,,,,,,,,,,,,,,月,
西淀川区,姫島,1丁目,16番,,,,,,,,,,,,,,,,火金,,,,,,,,,,,,,,,木,,,,,,,,,,,,,,,,,,月,,,,,,,,,,,,,,,月,,,
西淀川区,姫島,1丁目,17番,,,,,,,,,,,,,,,火金,,,,,,,,,,,,,,,,,,木,,,,,,,,,,,,,,,月,,,,,,,,,,,,,,,,月,,,
西淀川区,姫島,1丁目,18番,,,,,,,,,,,,,,,火金,,,,,,,,,,,,,,,,木,,,,,,,,,,,,,,,,月,,,,,,,,,,,,,,,,,,,月,
西淀川区,姫島,1丁目,19番,,,,,,,,,,,,,,,,,火金,,,,,,,,,,,,,,木,,,,,,,,,,,,,,,,,,,月,,,,,,,,,,,,,,,,月,
西淀川区,姫島,1丁目,20番,,,,,,,,,,,,,,,,火金,,,,,,,,,,,,,,,木,,,,,,,,,,,,,,,,,月,,,,,,,,,,,,,,,,,,月,
西淀川区,姫島,1丁目,21番,,,,,,,,,,,,,,,火金,,,,,,,,,,,,,,,,,木,,,,,,,,,,,,,,,,,月,,,,,,,,,,,,,,,,,月,
西淀川区,姫島,1丁目,22番,,,,,,,,,,,,,,,,,火金,,,,,,,,,,,,,,,,,木,,,,,,,,,,,,,,,月,,,,,,,,,,,,,,,,,月,
西淀川区,姫島,1丁目,23番,,,,,,,,,,,,,,,火金,,,,,,,,,,,,,,,,,,木,,,,,,,,,,,,,,,月,,,,,,,,,,,,,,,,,,,月
西淀川区,姫島,1丁目,24番,,,,,,,,,,,,,,,,,,火金,,,,,,,,,,,,,,,木,,,,,,,,,,,,,,,月,,,,,,,,,,,,,,,,,,,月
西淀川区,姫島,1丁目,25番,,,,,,,,,,,,,,,,,火金,,,,,,,,,,,,,,,,木,,,,,,,,,,,,,,,,月,,,,,,,,,,,,,,,,,,月
西淀川区,姫島,1丁目,26番,,,,,,,,,,,,,,,,火金,,,,,,,,,,,,,,,,木,,,,,,,,,,,,,,,,,月,,,,,,,,,,,,,,,,,月,
西淀川区,姫島,1丁目,27番,,,,,,,,,,,,,,,,火金,,,,,,,,,,,,,,,,,木,,,,,,,,,,,,,,,月,,,,,,,,,,,,,,,,,,月,
西淀川区,姫島,1丁目,28番,,,,,,,,,,,,,,,,火金,,,,,,,,,,,,,,,,木,,,,,,,,,,,,,,,,月,,,,,,,,,,,,,,,,,,月,
西淀川区,姫島,2丁目,2番,,,,,,,,,,,,,,,,,火金,,,,,,,,,,,,,,,木,,,,,,,,,,,,,,,,月,,,,,,,,,,,,,,,,月,,,
西淀川区,姫島,2丁目,3番,,,,,,,,,,,,,,,,火金,,,,,,,,,,,,,,,,,,木,,,,,,,,,,,,,,,月,,,,,,,,,,,,,,,月,,,
西淀川区,姫島,2丁目,4番,,,,,,,,,,,,,,,,,火金,,,,,,,,,,,,,,,,木,,,,,,,,,,,,,,,,月,,,,,,,,,,,,,,,月,,,
西淀川区,姫島,2丁目,5番,,,,,,,,,,,,,,,,,,火金,,,,,,,,,,,,,木,,,,,,,,,,,,,,,,,月,,,,,,,,,,,,,,,,,,月,
西淀川区,姫島,2丁目,6番,,,,,,,,,,,,,,,,火金,,,,,,,,,,,,,,,,木,,,,,,,,,,,,,,,,月,,,,,,,,,,,,,,,月,,,,
西淀川区,姫島,2丁目,7番,,,,,,,,,,,,,,,,,火金,,,,,,,,,,,,,,,木,,,,,,,,,,,,,,,,月,,,,,,,,,,,,,,,月,,,,
西淀川区,姫島,2丁目,8番,,,,,,,,,,,,,,,,火金,,,,,,,,,,,,,,,木,,,,,,,,,,,,,,,,,月,,,,,,,,,,,,,,,月,,,,
西淀川区,姫島,2丁目,9番,,,,,,,,,,,,,,,,,火金,,,,,,,,,,,,,,木,,,,,,,,,,,,,,,,,月,,,,,,,,,,,,,,,月,,,,
西淀川区,姫島,2丁目,10番,,,,,,,,,,,,,,,,火金,,,,,,,,,,,,,,,,,木,,,,,,,,,,,,,,,月,,,,,,,,,,,,,,,月,,,,
西淀川区,姫島,2丁目,11番,,,,,,,,,,,,,,,,火金,,,,,,,,,,,,,,,,木,,,,,,,,,,,,,,,,月,,,,,,,,,,,,,,,月,,,,
西淀川区,姫島,2丁目,12番,,,,,,,,,,,,,,,,火金,,,,,,,,,,,,,,,木,,,,,,,,,,,,,,,,月,,,,,,,,,,,,,,,,月,,,,
西淀川区,姫島,2丁目,13番,,,,,,,,,,,,,,,,火金,,,,,,,,,,,,,,,,木,,,,,,,,,,,,,,,,月,,,,,,,,,,,,,,,月,,,,
西淀川区,姫島,2丁目,14番,,,,,,,,,,,,,,,,火金,,,,,,,,,,,,,,,,木,,,,,,,,,,,,,,,,月,,,,,,,,,,,,,,,月,,,,
西淀川区,姫島,2丁目,15番,,,,,,,,,,,,,,,,,火金,,,,,,,,,,,,,,,木,,,,,,,,,,,,,,,,月,,,,,,,,,,,,,,,月,,,,
西淀川区,姫島,2丁目,16番,,,,,,,,,,,,,,,,,,火金,,,,,,,,,,,,,,,木,,,,,,,,,,,,,,,,月,,,,,,,,,,,,,,月,,,,
西淀川区,姫島,2丁目,17番,,,,,,,,,,,,,,,,,火金,,,,,,,,,,,,,,,木,,,,,,,,,,,,,,,,,,月,,,,,,,,,,,,,,,,,月
西淀川区,姫島,2丁目,18番,,,,,,,,,,,,,,,,,,火金,,,,,,,,,,,,,,,,木,,,,,,,,,,,,,,,月,,,,,,,,,,,,,,,月,,,
西淀川区,姫島,2丁目,19番,,,,,,,,,,,,,,,,,,火金,,,,,,,,,,,,,,,,木,,,,,,,,,,,,,,,,月,,,,,,,,,,,,,月,,,,
西淀川区,姫島,2丁目,20番,,,,,,,,,,,,,,,,火金,,,,,,,,,,,,,,,,木,,,,,,,,,,,,,,,,月,,,,,,,,,,,,,,,,,,,月
西淀川区,姫島,3丁目,1番,,,,,,,,,,,,,,,,,,火金,,,,,,,,,,,,,,木,,,,,,,,,,,,,,,,,月,,,,,,,,,,,,,,月,,,,
西淀川区,姫島,3丁目,2番,軽四輪車(小さい車)で収集している地域,,,,,,,,,火金,,,,,,,,,,,,,,,,,,,,,,,,木,,,,,,,,,,,,,,,,,月,,,,,,,,,,,,,月,,,
西淀川区,姫島,3丁目,2番,上記以外,,,,,,,,,,,,,,,,,火金,,,,,,,,,,,,,,,,木,,,,,,,,,,,,,,,,月,,,,,,,,,,,,,,,,月,
西淀川区,姫島,3丁目,3番,,,,,,,,,,,,,,,,,火金,,,,,,,,,,,,,,,,,木,,,,,,,,,,,,,,,,月,,,,,,,,,,,,,,,,月,
西淀川区,姫島,3丁目,4番,軽四輪車(小さい車)で収集している地域,,,,,,,,,火金,,,,,,,,,,,,,,,,,,,,木,,,,,,,,,,,,,,,,月,,,,,,,,,,,,,,,,,,月,,,
西淀川区,姫島,3丁目,4番,上記以外,,,,,,,,,,,,,,,,火金,,,,,,,,,,,,,木,,,,,,,,,,,,,,,,月,,,,,,,,,,,,,,,,,,月,,,
西淀川区,姫島,3丁目,5番,軽四輪車(小さい車)で収集している地域,,,,,,,,,火金,,,,,,,,,,,,,,,,,,,,木,,,,,,,,,,,,,,,,月,,,,,,,,,,,,,,,,,,月,,,
西淀川区,姫島,3丁目,5番,上記以外,,,,,,,,,,,,,,,,火金,,,,,,,,,,,,,木,,,,,,,,,,,,,,,,月,,,,,,,,,,,,,,,,,,,,月,
西淀川区,姫島,3丁目,6番,,,,,,,,,,,,,,,,,火金,,,,,,,,,,,,,木,,,,,,,,,,,,,,,,,,,,,月,,,,,,,,,,,,,,,月,
西淀川区,姫島,3丁目,7番,,,,,,,,,,,,,,,,,,火金,,,,,,,,,,,,,,,木,,,,,,,,,,,,,,,,,月,,,,,,,,,,,,,,月,,,
西淀川区,姫島,3丁目,8番,,,,,,,,,,,,,,,,,,火金,,,,,,,,,,,,,,,,木,,,,,,,,,,,,,,,,月,,,,,,,,,,,,,,月,,,
西淀川区,姫島,3丁目,9番,,,,,,,,,,,,,,,,火金,,,,,,,,,,,,,,,,,,木,,,,,,,,,,,,,,,,月,,,,,,,,,,,,,,月,,,
西淀川区,姫島,3丁目,10番,,,,,,,,,,,,,,,,火金,,,,,,,,,,,,,,,,,木,,,,,,,,,,,,,,,,,月,,,,,,,,,,,,,月,,,,
西淀川区,姫島,3丁目,11番,,,,,,,,,,,,,,,,,火金,,,,,,,,,,,,,木,,,,,,,,,,,,,,,,月,,,,,,,,,,,,,,,,,月,,,,
西淀川区,姫島,3丁目,12番,,,,,,,,,,,,,,,火金,,,,,,,,,,,,,木,,,,,,,,,,,,,,,,月,,,,,,,,,,,,,,,,,,,,,,月,
西淀川区,姫島,3丁目,13番,,,,,,,,,,,,,,,火金,,,,,,,,,,,,木,,,,,,,,,,,,,,,,,月,,,,,,,,,,,,,,,,,,,,月,,,
西淀川区,姫島,3丁目,14番,,,,,,,,,,,,,,,火金,,,,,,,,,,,,,,,木,,,,,,,,,,,,,,月,,,,,,,,,,,,,,,,,,,,月,,,
西淀川区,姫島,4丁目,1番,,,,,,,,,,,,,,,,火金,,,,,,,,,,,,木,,,,,,,,,,,,,,,,,,,月,,,,,,,,,,,,,,,,,,,,木
西淀川区,姫島,4丁目,2番,,,,,,,,,,,,,,,火金,,,,,,,,,,,,,木,,,,,,,,,,,,,,,,月,,,,,,,,,,,,,,,,,,,,,,木,
西淀川区,姫島,4丁目,3番,,,,,,,,,,,,,,,火金,,,,,,,,,,,,,木,,,,,,,,,,,,,,,,月,,,,,,,,,,,,,,,,,,,,,,,木
西淀川区,姫島,4丁目,4番,,,,,,,,,,,,,,,火金,,,,,,,,,,,,,木,,,,,,,,,,,,,,,,,,,,月,,,,,,,,,,,,,,,,,木,,
西淀川区,姫島,4丁目,5番,,,,,,,,,,,,,,,,火金,,,,,,,,,,,木,,,,,,,,,,,,,,,,,,,,,月,,,,,,,,,,,,,,,,,木,,
西淀川区,姫島,4丁目,6番,,,,,,,,,,,,,,,火金,,,,,,,,,,,,,木,,,,,,,,,,,,,,,,月,,,,,,,,,,,,,,,,,,,,,木,,
西淀川区,姫島,4丁目,7番,,,,,,,,,,,,,,,,火金,,,,,,,,,,,,,,,,,,木,,,,,,,,,,,,,,月,,,,,,,,,,,,,,,,,木,,
西淀川区,姫島,4丁目,8番,,,,,,,,,,,,,,,火金,,,,,,,,,,,,,,,,木,,,,,,,,,,,,,,月,,,,,,,,,,,,,,,,,,,,木,,
西淀川区,姫島,4丁目,9番,,,,,,,,,,,,,,,火金,,,,,,,,,,,,,木,,,,,,,,,,,,,,,,月,,,,,,,,,,,,,,,,,,,,,木,,
西淀川区,姫島,4丁目,10番,,,,,,,,,,,,,,,火金,,,,,,,,,,,,,木,,,,,,,,,,,,,,,,月,,,,,,,,,,,,,,,,,,,,,,木,
西淀川区,姫島,4丁目,11番,キングマンション姫島,,,,,,,,,,火金,,,,,,,,,,,,,,,,,,,,木,,,,,,,,,,,,,,,,月,,,,,,,,,,,,,,,,,,,,
西淀川区,姫島,4丁目,11番,ハイネスコトー姫島公園,,,,,,,,,火金,,,,,,,,,,,,,,,,,,,,,木,,,,,,,,,,,,,,,,月,,,,,,,,,,,,,,,,,木,,,
西淀川区,姫島,4丁目,11番,上記以外,,,,,,,,,,,,,,火金,,,,,,,,,,,,,,,,木,,,,,,,,,,,,,,,,,月,,,,,,,,,,,,,,,,,木,,
西淀川区,姫島,4丁目,12番,軽四輪車(小さい車)で収集している地域,,,,,,,,,,,,,,火金,,,,,,,,,,,,,,,,,木,,,,,,,,,,,,,,,,月,,,,,,,,,,,,,,,,,木,,
西淀川区,姫島,4丁目,12番,上記以外,,,,,,,,,,火金,,,,,,,,,,,,,,,,,,,,,木,,,,,,,,,,,,,,,,月,,,,,,,,,,,,,,,,,木,,
西淀川区,姫島,4丁目,13番,,,,,,,,,,,,,,,火金,,,,,,,,,,,,木,,,,,,,,,,,,,,,,,月,,,,,,,,,,,,,,,,,,,,,木,,
西淀川区,姫島,4丁目,14番,,,,,,,,,,,,,,,火金,,,,,,,,,,,,,,,,,,,木,,,,,,,,,,,,,,月,,,,,,,,,,,,,,,,,木,,
西淀川区,姫島,4丁目,15番,,,,,,,,,,,,,,,火金,,,,,,,,,,,,,,木,,,,,,,,,,,,,,,,,,,月,,,,,,,,,,,,,,,,,木,,
西淀川区,姫島,4丁目,16番,,,,,,,,,,,,,,,火金,,,,,,,,,,,,,,木,,,,,,,,,,,,,,,,,,月,,,,,,,,,,,,,,,,,,木,,
西淀川区,姫島,4丁目,17番,軽四輪車(小さい車)で収集している地域,,,,,,,,,,,,,,火金,,,,,,,,,,,,,木,,,,,,,,,,,,,,,,月,,,,,,,,,,,,,,,,,,,,,木,,
西淀川区,姫島,4丁目,17番,上記以外,,,,,,,,,,火金,,,,,,,,,,,,,,,,,木,,,,,,,,,,,,,,,,,月,,,,,,,,,,,,,,,,,,,,木,,
西淀川区,姫島,4丁目,18番,軽四輪車(小さい車)で収集している地域,,,,,,,,,,,,,,火金,,,,,,,,,,,,,,,,,木,,,,,,,,,,,,,,,,月,,,,,,,,,,,,,,,,,木,,
西淀川区,姫島,4丁目,18番,上記以外,,,,,,,,,,火金,,,,,,,,,,,,,,,,,,,,,木,,,,,,,,,,,,,,,,月,,,,,,,,,,,,,,,,,木,,
西淀川区,姫島,4丁目,19番,軽四輪車(小さい車)で収集している地域,,,,,,,,,,,,,,火金,,,,,,,,,,,,,,,,,木,,,,,,,,,,,,,,,月,,,,,,,,,,,,,,,,,,木,,
西淀川区,姫島,4丁目,19番,上記以外,,,,,,,,,,火金,,,,,,,,,,,,,,,,,,,,,木,,,,,,,,,,,,,,,月,,,,,,,,,,,,,,,,,,木,,
西淀川区,姫島,4丁目,20番,,,,,,,,,,,,,,,火金,,,,,,,,,,,,,,木,,,,,,,,,,,,,,,,月,,,,,,,,,,,,,,,,,,,,木,,
西淀川区,姫島,4丁目,21番,,,,,,,,,,,,,,,火金,,,,,,,,,,,,,,,,,木,,,,,,,,,,,,,,月,,,,,,,,,,,,,,,,,,,木,,
西淀川区,姫島,4丁目,22番,軽四輪車(小さい車)で収集している地域,,,,,,,,,,,,,,,火金,,,,,,,,,,,,,,,,,木,,,,,,,,,,,,,,,月,,,,,,,,,,,,,,,,木,,,
西淀川区,姫島,4丁目,22番,上記以外,,,,,,,,火金,,,,,,,,,,,,,,,,,,,,,,,,木,,,,,,,,,,,,,,,月,,,,,,,,,,,,,,,,木,,,
西淀川区,姫島,5丁目,1番,,,,,,,,,,,,,,,,火金,,,,,,,,,,,,,,,,木,,,,,,,,,,,,,,,,,月,,,,,,,,,,,,,,,,,木,
西淀川区,姫島,5丁目,2番,,,,,,,,,,,,,,,,火金,,,,,,,,,,,,,,,,木,,,,,,,,,,,,,,,,月,,,,,,,,,,,,,,,,,,,木
西淀川区,姫島,5丁目,3番,,,,,,,,,,,,,,,,火金,,,,,,,,,,,,,,,,木,,,,,,,,,,,,,,,,月,,,,,,,,,,,,,,,,,,木,
西淀川区,姫島,5丁目,4番,,,,,,,,,,,,,,,,火金,,,,,,,,,,,,,,,,木,,,,,,,,,,,,,,,,月,,,,,,,,,,,,,,,,,,木,
西淀川区,姫島,5丁目,5番,,,,,,,,,,,,,,,,火金,,,,,,,,,,,,,,,,木,,,,,,,,,,,,,,,,月,,,,,,,,,,,,,,,,,木,,
西淀川区,姫島,5丁目,6番,,,,,,,,,,,,,,,火金,,,,,,,,,,,,,,,,,,,木,,,,,,,,,,,,,,月,,,,,,,,,,,,,,,,,,木,
西淀川区,姫島,5丁目,7番,,,,,,,,,,,,,,,,火金,,,,,,,,,,,,,,,,木,,,,,,,,,,,,,,,,,月,,,,,,,,,,,,,,,,木,,
西淀川区,姫島,5丁目,8番,,,,,,,,,,,,,,,,火金,,,,,,,,,,,,,,,,木,,,,,,,,,,,,,,月,,,,,,,,,,,,,,,,,,,木,,
西淀川区,姫島,5丁目,9番,,,,,,,,,,,,,,,火金,,,,,,,,,,,,,,,,,,木,,,,,,,,,,,,,,,月,,,,,,,,,,,,,,,,,,木,
西淀川区,姫島,5丁目,10番,,,,,,,,,,,,,,,,火金,,,,,,,,,,,,,,,,,木,,,,,,,,,,,,,,月,,,,,,,,,,,,,,,,,,,木,
西淀川区,姫島,5丁目,11番,,,,,,,,,,,,,,,,火金,,,,,,,,,,,,,,,,,木,,,,,,,,,,,,,,,月,,,,,,,,,,,,,,,,,,木,
西淀川区,姫島,5丁目,12番,,,,,,,,,,,,,,,,火金,,,,,,,,,,,,,,木,,,,,,,,,,,,,,,,月,,,,,,,,,,,,,,,,,,,,木,
西淀川区,姫島,5丁目,13番,,,,,,,,,,,,,,,火金,,,,,,,,,,,,,,,,,木,,,,,,,,,,,,,月,,,,,,,,,,,,,,,,,,,木,,,
西淀川区,姫島,5丁目,14番,,,,,,,,,,,,,,,火金,,,,,,,,,,,,,,,,,,木,,,,,,,,,,,,,,月,,,,,,,,,,,,,,,,,,木,,
西淀川区,姫島,5丁目,15番,,,,,,,,,,,,,,,火金,,,,,,,,,,,,,,,,,,木,,,,,,,,,,,,,,,,月,,,,,,,,,,,,,,,,,木,
西淀川区,姫島,5丁目,16番,,,,,,,,,,,,,,,,火金,,,,,,,,,,,,,,,,,,木,,,,,,,,,,,,,,月,,,,,,,,,,,,,,,,木,,,
西淀川区,姫島,6丁目,1番,,,,,,,,,,,,,,,,火金,,,,,,,,,,,木,,,,,,,,,,,,,,,,,月,,,,,,,,,,,,,,,,,,,,木,,,
西淀川区,姫島,6丁目,2番,,,,,,,,,,,,,,,,火金,,,,,,,,,,,,,木,,,,,,,,,,,,,,,,,月,,,,,,,,,,,,,,,,,木,,,,
西淀川区,姫島,6丁目,3番,5･43･44号,,,,,,,,,,火金,,,,,,,,,,,,,,,,,,,木,,,,,,,,,,,,,,,,,月,,,,,,,,,,,,,,,,木,,,,
西淀川区,姫島,6丁目,3番,上記以外,,,,,,,,,,,,,,,火金,,,,,,,,,,,,,,木,,,,,,,,,,,,,,,,,月,,,,,,,,,,,,,,,,木,,,,
西淀川区,姫島,6丁目,4番,,,,,,,,,,,,,,,,火金,,,,,,,,,,,,,,木,,,,,,,,,,,,,,,,,月,,,,,,,,,,,,,,,,木,,,,
西淀川区,姫島,6丁目,5番,市営姫島第2住宅,,,,,,,,,,火金,,,,,,,,,,,,,,,,,,,,木,,,,,,,,,,,,,,,,月,,,,,,,,,,,,,,,,木,,,,
西淀川区,姫島,6丁目,5番,上記以外,,,,,,,,,,,,,,,火金,,,,,,,,,,,,,,木,,,,,,,,,,,,,,,,月,,,,,,,,,,,,,,,,,,木,,,
西淀川区,姫島,6丁目,6番,,,,,,,,,,,,,,,,火金,,,,,,,,,,,,,,木,,,,,,,,,,,,,,,,月,,,,,,,,,,,,,,,,,,木,,,
西淀川区,姫島,6丁目,7番,,,,,,,,,,,,,,,火金,,,,,,,,,,,,,,,木,,,,,,,,,,,,,,,,,,,,,月,,,,,,,,,,,,,木,,,
西淀川区,姫島,6丁目,8番,,,,,,,,,,,,,,,,火金,,,,,,,,,,,,,,,,木,,,,,,,,,,,,,,,,,月,,,,,,,,,,,,,,,木,,,
西淀川区,姫島,6丁目,9番,,,,,,,,,,,,,,,,,,火金,,,,,,,,,,,,,,,木,,,,,,,,,,,,,,月,,,,,,,,,,,,,,,,,木,,,
西淀川区,姫島,6丁目,10番,,,,,,,,,,,,,,,,,火金,,,,,,,,,,,,,,木,,,,,,,,,,,,,,,,,月,,,,,,,,,,,,,,,木,,,,
西淀川区,百島,1丁目,1番,,,,,,,,,,火金,,,,,,,,,,,,,木,,,,,,,,,,,,,,,,,月,,,,,,,,,,,,,,,,,,,,,,,,,月,,
西淀川区,百島,1丁目,2番,,,,,,,,,,火金,,,,,,,,,,,,,,木,,,,,,,,,,,,,,,,月,,,,,,,,,,,,,,,,,,,,,,,,,月,,
西淀川区,百島,1丁目,3番,,,,,,,,,,火金,,,,,,,,,,,,,木,,,,,,,,,,,,,,,,月,,,,,,,,,,,,,,,,,,,,,,,,,,月,,
西淀川区,百島,2丁目,1番,,,,,,,,,,火金,,,,,,,,,,,,,,,木,,,,,,,,,,,,,,,,月,,,,,,,,,,,,,,,,,,,,,,,月,,,
西淀川区,福町,1丁目,1番,,,,,,,,,,火金,,,,,,,,,,,,,,,,,,,,木,,,,,,,,,,,,,,,,月,,,,,,,,,,,,,,,,,,月,,,
西淀川区,福町,1丁目,2番,軽四輪車(小さい車)で収集している地域,,,,,,,,,火金,,,,,,,,,,,,,,,,,,,,木,,,,,,,,,,,,,,,,月,,,,,,,,,,,,,,,,,,月,,,
西淀川区,福町,1丁目,2番,上記以外,,,,,,,,,,,,,,,,火金,,,,,,,,,,,,,木,,,,,,,,,,,,,,,,月,,,,,,,,,,,,,,,,,,,,月,
西淀川区,福町,1丁目,3番,,,,,,,,,,火金,,,,,,,,,,,,,,,,,,,,木,,,,,,,,,,,,,,,,月,,,,,,,,,,,,,,,,,,月,,,
西淀川区,福町,1丁目,4番,,,,,,,,,,火金,,,,,,,,,,,,,,,,,,,,,,木,,,,,,,,,,,,,,,月,,,,,,,,,,,,,,,,,月,,,
西淀川区,福町,1丁目,5番,,,,,,,,火金,,,,,,,,,,,,,,,,,,,,,,,,木,,,,,,,,,,,,,,,月,,,,,,,,,,,,,,,,,月,,,
西淀川区,福町,1丁目,6番,,,,,,,,,,火金,,,,,,,,,,,,,,,,,,,,木,,,,,,,,,,,,,,,,月,,,,,,,,,,,,,,,,,,,月,,
西淀川区,福町,1丁目,9番,,,,,,,,,,,,火金,,,,,,,,,,,,,,,,,,木,,,,,,,,,,,,,,,,月,,,,,,,,,,,,,,,,,,月,,,
西淀川区,福町,1丁目,10番,,,,,,,,,,火金,,,,,,,,,,,,,,,,,,,,木,,,,,,,,,,,,,,,,月,,,,,,,,,,,,,,,,,,月,,,
西淀川区,福町,1丁目,11番,,,,,,,,,火金,,,,,,,,,,,,,,,,,,,,,木,,,,,,,,,,,,,,,,月,,,,,,,,,,,,,,,,,,月,,,
西淀川区,福町,1丁目,12番,,,,,,,,,,火金,,,,,,,,,,,,,,,,,,,,木,,,,,,,,,,,,,,,,月,,,,,,,,,,,,,,,,,,月,,,
西淀川区,福町,2丁目,1番,,,,,,,火金,,,,,,,,,,,,,,,,木,,,,,,,,,,,,,,,,月,,,,,,,,,,,,,,,,,,,,,,,,,,月,,
西淀川区,福町,2丁目,2番,,,,,,,,,火金,,,,,,,,,,,,,,,,木,,,,,,,,,,,,,,,,,,月,,,,,,,,,,,,,,,,,,,,,,月,,
西淀川区,福町,2丁目,3番,,,,,,,,,,,,,,,火金,,,,,,,,,木,,,,,,,,,,,,,,,,,月,,,,,,,,,,,,,,,,,,,,,,,,月,,
西淀川区,福町,2丁目,4番,,,,,,,,,火金,,,,,,,,,,,,,,木,,,,,,,,,,,,,,,,,月,,,,,,,,,,,,,,,,,,,,,,,,,月,,
西淀川区,福町,2丁目,5番,,,,,,,火金,,,,,,,,,,,,,,,,木,,,,,,,,,,,,,,,,,,月,,,,,,,,,,,,,,,,,,,,,,,月,,,
西淀川区,福町,2丁目,6番,,,,,,,,火金,,,,,,,,,,,,,,,木,,,,,,,,,,,,,,,,,,月,,,,,,,,,,,,,,,,,,,,,,,月,,,
西淀川区,福町,2丁目,7番,,,,,,,,,,火金,,,,,,,,,,,,,,木,,,,,,,,,,,,,,,,,月,,,,,,,,,,,,,,,,,,,,,,,,月,,
西淀川区,福町,2丁目,8番,,,,,,,,火金,,,,,,,,,,,,,,,木,,,,,,,,,,,,,,,,,,月,,,,,,,,,,,,,,,,,,,,,,,,月,,
西淀川区,福町,2丁目,9番,,,,,,,火金,,,,,,,,,,,,,,,,,,木,,,,,,,,,,,,,,,,月,,,,,,,,,,,,,,,,,,,,,,,,月,,
西淀川区,福町,2丁目,10番,,,,,,,火金,,,,,,,,,,,,,,,,,木,,,,,,,,,,,,,,,,,月,,,,,,,,,,,,,,,,,,,,,,,,月,,
西淀川区,福町,2丁目,11番,,,,,,,,火金,,,,,,,,,,,,,,,,木,,,,,,,,,,,,,,,,,月,,,,,,,,,,,,,,,,,,,,,,,,月,,
西淀川区,福町,2丁目,12番,,,,,,,,火金,,,,,,,,,,,,,,,,木,,,,,,,,,,,,,,,,,月,,,,,,,,,,,,,,,,,,,,,,,,月,,
西淀川区,福町,2丁目,13番,,,,,,,,火金,,,,,,,,,,,,,,,,,木,,,,,,,,,,,,,,,,月,,,,,,,,,,,,,,,,,,,,,,,,月,,
西淀川区,福町,2丁目,14番,,,,,,,,,火金,,,,,,,,,,,,,,木,,,,,,,,,,,,,,,,,月,,,,,,,,,,,,,,,,,,,,,,,,,月,,
西淀川区,福町,2丁目,15番,,,,,,,,,火金,,,,,,,,,,,,,,,木,,,,,,,,,,,,,,,,月,,,,,,,,,,,,,,,,,,,,,,,,,月,,
西淀川区,福町,2丁目,16番,,,,,,,,,火金,,,,,,,,,,,,,,,木,,,,,,,,,,,,,,,,,月,,,,,,,,,,,,,,,,,,,,,,,月,,,
西淀川区,福町,2丁目,17番,,,,,,,,,火金,,,,,,,,,,,,,,木,,,,,,,,,,,,,,,,,月,,,,,,,,,,,,,,,,,,,,,,,,月,,,
西淀川区,福町,2丁目,18番,,,,,,,,,火金,,,,,,,,,,,,,,,木,,,,,,,,,,,,,,,,月,,,,,,,,,,,,,,,,,,,,,,,,月,,,
西淀川区,福町,2丁目,19番,,,,,,,,,火金,,,,,,,,,,,,,,,木,,,,,,,,,,,,,,,,月,,,,,,,,,,,,,,,,,,,,,,,,月,,,
西淀川区,福町,2丁目,20番,,,,,,,火金,,,,,,,,,,,,,,,,木,,,,,,,,,,,,,,,,,月,,,,,,,,,,,,,,,,,,,,,,,,,月,,
西淀川区,福町,2丁目,21番,,,,,,,,火金,,,,,,,,,,,,,,,,木,,,,,,,,,,,,,,,,月,,,,,,,,,,,,,,,,,,,,,,,,,月,,
西淀川区,福町,2丁目,22番,,,,,,,,火金,,,,,,,,,,,,,,,,木,,,,,,,,,,,,,,,月,,,,,,,,,,,,,,,,,,,,,,,,,,月,,
西淀川区,福町,2丁目,23番,,,,,,,,火金,,,,,,,,,,,,,,,,木,,,,,,,,,,,,,,,,月,,,,,,,,,,,,,,,,,,,,,,,,,月,,
西淀川区,福町,2丁目,24番,,,,,,,,火金,,,,,,,,,,,,,,,,木,,,,,,,,,,,,,,,,,月,,,,,,,,,,,,,,,,,,,,,,,,月,,
西淀川区,福町,2丁目,25番,,,,,,,,,火金,,,,,,,,,,,,,,,木,,,,,,,,,,,,,,,,,月,,,,,,,,,,,,,,,,,,,,,,,,月,,
西淀川区,福町,2丁目,26番,,,,,,,,火金,,,,,,,,,,,,,,,,木,,,,,,,,,,,,,,,,,月,,,,,,,,,,,,,,,,,,,,,,,月,,,
西淀川区,福町,2丁目,27番,,,,,,,,火金,,,,,,,,,,,,,,,,木,,,,,,,,,,,,,,,,月,,,,,,,,,,,,,,,,,,,,,,,,,月,,
西淀川区,福町,2丁目,28番,,,,,,,,火金,,,,,,,,,,,,,,,,木,,,,,,,,,,,,,,,,月,,,,,,,,,,,,,,,,,,,,,,,,,月,,
西淀川区,福町,2丁目,29番,,,,,,,,火金,,,,,,,,,,,,,,,,木,,,,,,,,,,,,,,,,月,,,,,,,,,,,,,,,,,,,,,,,,,月,,
西淀川区,福町,2丁目,30番,,,,,,,火金,,,,,,,,,,,,,,,,,木,,,,,,,,,,,,,,,,月,,,,,,,,,,,,,,,,,,,,,,,,月,,,
西淀川区,福町,2丁目,31番,,,,,,,,火金,,,,,,,,,,,,,,,,,木,,,,,,,,,,,,,,,,,月,,,,,,,,,,,,,,,,,,,,,,月,,,
西淀川区,福町,3丁目,1番,,,,,,,,,火金,,,,,,,,,,,,,,,,,,,,,木,,,,,,,,,,,,,,,,月,,,,,,,,,,,,,,,,,,,,月,
西淀川区,福町,3丁目,2番,,,,,,,,,火金,,,,,,,,,,,,,,,,,,,,,,,,木,,,,,,,,,,,,,,,月,,,,,,,,,,,,,,,,,,月,
西淀川区,福町,3丁目,3番,軽四輪車(小さい車)で収集している地域,,,,,,,火金,,,,,,,,,,,,,,,,,,,,,,,,木,,,,,,,,,,,,,,,,月,,,,,,,,,,,,,,,,,,月,
西淀川区,福町,3丁目,3番,上記以外,,,,,,,,,,,,,,,,火金,,,,,,,,,,,,,,,木,,,,,,,,,,,,,,,,月,,,,,,,,,,,,,,,,,,月,
西淀川区,福町,3丁目,4番,,,,,,,,,,,,,,,,,火金,,,,,,,,,,,,,,木,,,,,,,,,,,,,,,月,,,,,,,,,,,,,,,,,,,,月,
西淀川区,御幣島,1丁目,1番,,,,,,,月木,,,,,,,,,,,,,,,,,,,,,,,土,,,,,,,,,,,,,,,,水,,,,,,,,,,,,,,,,,,水,,,
西淀川区,御幣島,1丁目,2番,,,,,,,,,,,,,,,,月木,,,,,,,,,,,,,,土,,,,,,,,,,,,,,,,,,水,,,,,,,,,,,,,,,,水,,,
西淀川区,御幣島,1丁目,3番,,,,,,,,,,,,,,,月木,,,,,,,,,,,,,,,土,,,,,,,,,,,,,,,水,,,,,,,,,,,,,,,,,,,水,,,
西淀川区,御幣島,1丁目,4番,,,,,,,,,,,,,,,,月木,,,,,,,,,,,,,,土,,,,,,,,,,,,,,,,水,,,,,,,,,,,,,,,,,,水,,,
西淀川区,御幣島,1丁目,5番,,,,,,,,,,,,,,,,月木,,,,,,,,,,,,,,土,,,,,,,,,,,,,,,,水,,,,,,,,,,,,,,,,,,水,,,
西淀川区,御幣島,1丁目,6番,,,,,,,,,,,,,,,,,月木,,,,,,,,,,,,,土,,,,,,,,,,,,,,,,水,,,,,,,,,,,,,,,,,,水,,,
西淀川区,御幣島,1丁目,7番,,,,,,,,,,,,,,,,月木,,,,,,,,,,,,,,土,,,,,,,,,,,,,,,,水,,,,,,,,,,,,,,,,,,,水,,
西淀川区,御幣島,1丁目,8番,,,,,,,,,,,,,,,,月木,,,,,,,,,,,,,,土,,,,,,,,,,,,,,,,水,,,,,,,,,,,,,,,,,,,水,,
西淀川区,御幣島,1丁目,9番,,,,,,,,,,月木,,,,,,,,,,,,,,,,,,,,土,,,,,,,,,,,,,,,,,水,,,,,,,,,,,,,,,,,,水,,
西淀川区,御幣島,1丁目,10番,,,,,,,,,,,,,,,,月木,,,,,,,,,,,,,,土,,,,,,,,,,,,,,,,水,,,,,,,,,,,,,,,,,,,水,,
西淀川区,御幣島,1丁目,11番,,,,,,,,,,,,,,,,月木,,,,,,,,,,,,,,土,,,,,,,,,,,,,,,,水,,,,,,,,,,,,,,,,,,,水,,
西淀川区,御幣島,1丁目,12番,,,,,,,,,,,,,,,,月木,,,,,,,,,,,,,,土,,,,,,,,,,,,,,,,水,,,,,,,,,,,,,,,,,,水,,,
西淀川区,御幣島,1丁目,13番,,,,,,,,,,,,,,,,月木,,,,,,,,,,,,,,土,,,,,,,,,,,,,,,,水,,,,,,,,,,,,,,,,,,,水,,
西淀川区,御幣島,1丁目,14番,,,,,,,,,,,,,,,,月木,,,,,,,,,,,,,,,土,,,,,,,,,,,,,,,水,,,,,,,,,,,,,,,,,,,水,,
西淀川区,御幣島,1丁目,15番,,,,,,,,,,,,,,,,月木,,,,,,,,,,,,,,土,,,,,,,,,,,,,,,,水,,,,,,,,,,,,,,,,,,,水,,
西淀川区,御幣島,1丁目,16番,7･8号ステーション収集地域,,,,,,,,,,月木,,,,,,,,,,,,,,,,,,,土,,,,,,,,,,,,,,,,水,,,,,,,,,,,,,,,,,,,水,,
西淀川区,御幣島,1丁目,16番,上記以外,,,,,,,,,,,,,,,月木,,,,,,,,,,,,,,土,,,,,,,,,,,,,,,,水,,,,,,,,,,,,,,,,,,,水,,
西淀川区,御幣島,1丁目,17番,,,,,,,,,,,,,,,,月木,,,,,,,,,,,,,,土,,,,,,,,,,,,,,,,水,,,,,,,,,,,,,,,,,,,水,,
西淀川区,御幣島,1丁目,18番,4･5号,,,,,,,,,,月木,,,,,,,,,,,,,,,,,,,土,,,,,,,,,,,,,,,,水,,,,,,,,,,,,,,,,,,,水,,
西淀川区,御幣島,1丁目,18番,上記以外,,,,,,,,,,,,,,,月木,,,,,,,,,,,,,,土,,,,,,,,,,,,,,,,水,,,,,,,,,,,,,,,,,,,水,,
西淀川区,御幣島,1丁目,19番,レオパレス御幣島,,,,,,,,,月木,,,,,,,,,,,,,,,,,,,,土,,,,,,,,,,,,,,,,,水,,,,,,,,,,,,,,,,,水,,,
西淀川区,御幣島,1丁目,19番,上記以外,,,,,,,,,月木,,,,,,,,,,,,,,,,,,,,土,,,,,,,,,,,,,,,,水,,,,,,,,,,,,,,,,,,水,,,
西淀川区,御幣島,2丁目,1番,グローバル御幣島駅前,,,,,,,,,,月木,,,,,,,,,,,,,,,,,,,,,土,,,,,,,,,,,,,,,,,水,,,,,,土,,,,,,,,,,,,
西淀川区,御幣島,2丁目,1番,上記以外,,,,,,,,,,,月木,,,,,,,,,,,,,,,,,,,,土,,,,,,,,,,,,,,,,,水,,,,,,,土,,,,,,,,,,,
西淀川区,御幣島,2丁目,2番,セラ歌島･センターヒル御幣島,,,,,,,,,月木,,,,,,,,,,,,,,,,,,,,,,土,,,,,,,,,,,,,,,水,,,,,,,,土,,,,,,,,,,,,
西淀川区,御幣島,2丁目,2番,上記以外,,,,,,,,,,,月木,,,,,,,,,,,,,,,,,,,土,,,,,,,,,,,,,,,,,水,,,,,,,,土,,,,,,,,,,,
西淀川区,御幣島,2丁目,3番,29号,,,,,,,,,,,月木,,,,,,,,,,,,,,,,,,,土,,,,,,,,,,,,,,,,水,,,,,,,,,土,,,,,,,,,,,
西淀川区,御幣島,2丁目,3番,上記以外,,,,,,,,,,,,,,,,月木,,,,,,,,,,,,,,土,,,,,,,,,,,,,,,,水,,,,,,,,,土,,,,,,,,,,,
西淀川区,御幣島,2丁目,4番,UR歌島橋市街地住宅,,,,,,,,,,月木,,,,,,,,,,,,,,,,,,,,,土,,,,,,,,,,,,,,,水,,,,,,,,土,,,,,,,,,,,,
西淀川区,御幣島,2丁目,4番,上記以外,,,,,,,,,,月木,,,,,,,,,,,,,,,,,,,,土,,,,,,,,,,,,,,,,水,,,,,,,,,土,,,,,,,,,,,
西淀川区,御幣島,2丁目,5番,12号,,,,,,,,,,月木,,,,,,,,,,,,,,,,,,,,,土,,,,,,,,,,,,,,,,水,,,,,,,,土,,,,,,,,,,,
西淀川区,御幣島,2丁目,5番,上記以外,,,,,,,,,,,,,,,,月木,,,,,,,,,,,,,,,土,,,,,,,,,,,,,,,,水,,,,,,,,土,,,,,,,,,,,
西淀川区,御幣島,2丁目,6番,軽四輪車(小さい車)で収集している地域,,,,,,,,,,月木,,,,,,,,,,,,,,,,,,,,,土,,,,,,,,,,,,,,,水,,,,,,,,土,,,,,,,,,,,,
西淀川区,御幣島,2丁目,6番,上記以外,,,,,,,,,,月木,,,,,,,,,,,,,,,,,,,,,土,,,,,,,,,,,,,,,水,,,,,,,,,,,土,,,,,,,,,
西淀川区,御幣島,2丁目,7番,,,,,,,,,,,,,,,,,月木,,,,,,,,,,,,,,土,,,,,,,,,,,,,,,,水,,,,,,,,,土,,,,,,,,,,,
西淀川区,御幣島,2丁目,8番,,,,,,,,,,,,,,,,,,月木,,,,,,,,,,,,,,土,,,,,,,,,,,,,,,水,,,,,,,,,土,,,,,,,,,,,
西淀川区,御幣島,2丁目,9番,,,,,,,,,,,,,,,,月木,,,,,,,,,,,,,,,土,,,,,,,,,,,,,,,,水,,,,,,,,,土,,,,,,,,,,,
西淀川区,御幣島,2丁目,10番,3号角ｽﾃｰｼｮﾝ,,,,,,,,,,月木,,,,,,,,,,,,,,,,,,,,,土,,,,,,,,,,,,,,,水,,,,,,,,,土,,,,,,,,,,,
西淀川区,御幣島,2丁目,10番,上記以外,,,,,,,,,,,,,,,,,月木,,,,,,,,,,,,,,土,,,,,,,,,,,,,,,水,,,,,,,,,土,,,,,,,,,,,
西淀川区,御幣島,2丁目,11番,ユニハイム千船参番館,,,,,,,月木,,,,,,,,,,,,,,,,,,,,,,,,土,,,,,,,,,,,,,,,,,水,,,,,,,,,,,,,,,,,,
西淀川区,御幣島,2丁目,11番,上記以外,,,,,,,,,,月木,,,,,,,,,,,,,,,,,,,,,土,,,,,,,,,,,,,,,水,,,,,,,,,土,,,,,,,,,,,
西淀川区,御幣島,2丁目,12番,,,,,,,,,,,,,,,,,,月木,,,,,,,,,,,,,,土,,,,,,,,,,,,,,,水,,,,,,,,,土,,,,,,,,,,,
西淀川区,御幣島,2丁目,13番,,,,,,,,,,,,,,,,月木,,,,,,,,,,,,,,,土,,,,,,,,,,,,,,,,,水,,,,,,,土,,,,,,,,,,,,
西淀川区,御幣島,2丁目,14番,,,,,,,,,,,,,,,,,,月木,,,,,,,,,,,,,,土,,,,,,,,,,,,,,,水,,,,,,,,,土,,,,,,,,,,,
西淀川区,御幣島,2丁目,15番,21号角ステーション,,,,,,,,,,,,,,,,月木,,,,,,,,,,,,,,,土,,,,,,,,,,,,,,,水,,,,,土,,,,,,,,,,,,,,,
西淀川区,御幣島,2丁目,15番,上記以外,,,,,,,,,,月木,,,,,,,,,,,,,,,,,,,,土,,,,,,,,,,,,,,,,水,,,,,,,,,土,,,,,,,,,,,
西淀川区,御幣島,2丁目,16番,,,,,,,,,,,月木,,,,,,,,,,,,,,,,,,,土,,,,,,,,,,,,,,,,,水,,,,,,,,,土,,,,,,,,,,,
西淀川区,御幣島,2丁目,17番,,,,,,,,,,,月木,,,,,,,,,,,,,,,,,,,土,,,,,,,,,,,,,,,,,水,,,,,,,,,土,,,,,,,,,,,
西淀川区,御幣島,2丁目,18番,2~9号,,,,,,,,,,月木,,,,,,,,,土,,,,,,,,,,,,,,,,水,,,,,,,,,,,,,,,,土,,,,,,,,,,,,,,,
西淀川区,御幣島,2丁目,18番,上記以外,,,,,,,,,,,,,,,,月木,,,,,,,,,,,,,,土,,,,,,,,,,,,,,,,,水,,,,,,,土,,,,,,,,,,,,
西淀川区,御幣島,2丁目,19番,,,,,,,,,,,,,,,,月木,,,,,,,,,,,,,,,土,,,,,,,,,,,,,,,,水,,,,,,,,,土,,,,,,,,,,,
西淀川区,御幣島,2丁目,20番,,,,,,,,,,,月木,,,,,,,,,,,,,,,,,,,,土,,,,,,,,,,,,,,,,水,,,,,,,,,土,,,,,,,,,,,
西淀川区,御幣島,2丁目,21番,,,,,,,,,,,,,,,,月木,,,,,,,,,,,,,土,,,,,,,,,,,,,,,,水,,,,,,,,,,,土,,,,,,,,,,,
西淀川区,御幣島,3丁目,1番,,,,,,,,,,,,,,,,月木,,,,,,,,,,,,土,,,,,,,,,,,,,水,,,,,,,,,,,,,,,,,,,,,,,,水,,
西淀川区,御幣島,3丁目,2番,,,,,,,,,,,,,,,,月木,,,,,,,,,,,,土,,,,,,,,,,,,,水,,,,,,,,,,,,,,,,,,,,,,,,水,,
西淀川区,御幣島,3丁目,3番,,,,,,,,,,,,,,,,,月木,,,,,,,,,,,土,,,,,,,,,,,,,,,,,,水,,,,,,,,,,,,,,,,,,,水,,
西淀川区,御幣島,3丁目,4番,軽四輪車(小さい車)で収集している地域,,,,,,,,,,,,,,,,月木,,,,,,,,,,,土,,,,,,,,,,,,,,,,,水,,,,,,,,,,,,,,,,,,,,水,,
西淀川区,御幣島,3丁目,4番,上記以外,,,,,,,,,,,,,,,月木,,,,,,,,,,,,土,,,,,,,,,,,,,,,,,,,水,,,,,,,,,,,,,,,,,,水,,
西淀川区,御幣島,3丁目,5番,,,,,,,,,,,,,,,,月木,,,,,,,,,,,,土,,,,,,,,,,,,,,,,,,,水,,,,,,,,,,,,,,,,,,,水,
西淀川区,御幣島,3丁目,6番,33~41号,,,,,,,,,,月木,,,,,,,,,,,,,,,,,土,,,,,,,,,,,,,,,,,,水,,,,,,,,,,,,,,,,,,,水,,
西淀川区,御幣島,3丁目,6番,上記以外,,,,,,,,,,,,,,,月木,,,,,,,,,,,,土,,,,,,,,,,,,,,,,,,水,,,,,,,,,,,,,,,,,,,水,,
西淀川区,御幣島,3丁目,7番,,,,,,,,,,,,,,,,月木,,,,,,,,,,,,土,,,,,,,,,,,,,,,,,,,水,,,,,,,,,,,,,,,,,,水,,
西淀川区,御幣島,3丁目,8番,,,,,,,,,,,,,,,,月木,,,,,,,,,,,,土,,,,,,,,,,,,,,,,,水,,,,,,,,,,,,,,,,,,,,水,,
西淀川区,御幣島,3丁目,9番,,,,,,,,,,,,,,,,月木,,,,,,,,,,,,,土,,,,,,,,,,,,,,,,水,,,,,,,,,,,,,,,,,,,,水,,
西淀川区,御幣島,3丁目,10番,,,,,,,,,,,,,,,,,月木,,,,,,,,,,,土,,,,,,,,,,,,,,,,,,,水,,,,,,,,,,,,,,,,,,,水,
西淀川区,御幣島,3丁目,11番,,,,,,,,,,,,,,,,月木,,,,,,,,,,,,,,土,,,,,,,,,,,,,,,,,水,,,,,,,,,,,,,,,,,,水,,
西淀川区,御幣島,3丁目,12番,パークスクエアレピア,,,,,,,,,,月木,,,,,,,,,,,,,,,,,,,,土,,,,,,,,,,,,,,,,水,,,,,,,,,,,,,,,,,,,,
西淀川区,御幣島,3丁目,12番,上記以外,,,,,,,,,,月木,,,,,,,,,,,,,,,,,,,土,,,,,,,,,,,,,,,,水,,,,,,,,,,,,,,,,,,,,水,
西淀川区,御幣島,3丁目,13番,3号,,,,,,,,,,月木,,,,,,,,,,,,,,,,,土,,,,,,,,,,,,,,,,,水,,,,,,,,,,,,,,,,,,,,水,,
西淀川区,御幣島,3丁目,13番,ファインフラッソ御幣島,,,,,,,,,,,,,,月木,,,,,,,,,,,,,,,,土,,,,,,,,,,,,,,,,水,,,,,,,,,,,,,,,,,,,,
西淀川区,御幣島,3丁目,13番,上記以外,,,,,,,,,,,,,,,月木,,,,,,,,,,,,土,,,,,,,,,,,,,,,,,水,,,,,,,,,,,,,,,,,,,,水,,
西淀川区,御幣島,3丁目,14番,エンゼルパークスプリングス,,,,,,,,,,,,,,月木,,,,,,,,,,土,,,,,,,,,,,,,,,,水,,,,,,,,,,,,,,,,,,,,,,,,,,
西淀川区,御幣島,3丁目,14番,上記以外,,,,,,,,,,,,,,,月木,,,,,,,,,,,,,,土,,,,,,,,,,,,,,,水,,,,,,,,,,,,,,,,,,,,,水,
西淀川区,御幣島,3丁目,15番,,,,,,,,,,,,,,,,月木,,,,,,,,,,,,土,,,,,,,,,,,,,,,,,水,,,,,,,,,,,,,,,,,,,,水,,
西淀川区,御幣島,3丁目,16番,,,,,,,,,,,,,,,,,,,月木,,,,,,,,,土,,,,,,,,,,,,,,,,,水,,,,,,,,,,,,,,,,,,,,,水,
西淀川区,御幣島,4丁目,1番,,,,,,,,,,,,,,,,,,月木,,,,,,,,,,,,,,土,,,,,,,,,,,,,,,,水,,,,,,,,土,,,,,,,,,,,
西淀川区,御幣島,4丁目,2番,御幣島変電所角ステーション,,,,,,,,,,月木,,,,,,,,,,,,,,,,,,,,,土,,,,,,,,,,,,,,,,水,,,,土,,,,,,,,,,,,,,,
西淀川区,御幣島,4丁目,2番,上記以外,,,,,,,,,,,,,,,月木,,,,,,,,,,,,,,,,土,,,,,,,,,,,,,,,,,水,,,,,,,土,,,,,,,,,,,
西淀川区,御幣島,4丁目,3番,1･6号,,,,,,,,,,月木,,,,,,,,,,,,,,,,,,,,,土,,,,,,,,,,,,,,,,水,,,,,,,,,土,,,,,,,,,,
西淀川区,御幣島,4丁目,3番,上記以外,,,,,,,,,,,,,,,月木,,,,,,,,,,,,,,,,土,,,,,,,,,,,,,,,,水,,,,土,,,,,,,,,,,,,,,
西淀川区,御幣島,4丁目,4番,軽四輪車(小さい車)で収集している地域,,,,,,,,,,,,,,,,月木,,,,,,,土,,,,,,,,,,,,,,,,水,,,,,,,,,,,,,,,,,土,,,,,,,,,,
西淀川区,御幣島,4丁目,4番,上記以外,,,,,,,,,,月木,,,,,,,,,,,,,,,,,,,,,土,,,,,,,,,,,,,,,水,,,,,,,,,,,土,,,,,,,,,
西淀川区,御幣島,4丁目,5番,,,,,,,,,,,,,,,,月木,,,,,,,,,,,,,,,土,,,,,,,,,,,,,,,,水,,,,,,,,,土,,,,,,,,,,,
西淀川区,御幣島,4丁目,6番,軽四輪車(小さい車)で収集している地域,,,,,,,,,,,,,,,月木,,,,,,,,土,,,,,,,,,,,,,,,,水,,,,,,,,,,,,,,,,,土,,,,,,,,,,
西淀川区,御幣島,4丁目,6番,上記以外,,,,,,,,,,,,,,月木,,,,,,,,,,,,,,,,土,,,,,,,,,,,,,,,,,水,,,,,,,,,土,,,,,,,,,,
西淀川区,御幣島,4丁目,7番,軽四輪車(小さい車)で収集している地域,,,,,,,,,,,,,,,月木,,,,,,,,土,,,,,,,,,,,,,,,,水,,,,,,,,,,,,,,,,,土,,,,,,,,,,
西淀川区,御幣島,4丁目,7番,上記以外,,,,,,,,,,,,,,月木,,,,,,,,,,,,,,,,土,,,,,,,,,,,,,,,,,水,,,,,,,,,土,,,,,,,,,,
西淀川区,御幣島,4丁目,8番,軽四輪車(小さい車)で収集している地域,,,,,,,,,,,,,,,月木,,,,,,,,土,,,,,,,,,,,,,,,,水,,,,,,,,,,,,,,,,,土,,,,,,,,,,
西淀川区,御幣島,4丁目,8番,上記以外,,,,,,,,,,,,,,,月木,,,,,,,,,,,,,,,土,,,,,,,,,,,,,,,,,,水,,,,,,,,土,,,,,,,,,,
西淀川区,御幣島,4丁目,9番,,,,,,,,,,,,,,,,,,月木,,,,,,,,,,,,,土,,,,,,,,,,,,,,,,水,,,,,,,,,土,,,,,,,,,,,
西淀川区,御幣島,4丁目,10番,軽四輪車(小さい車)で収集している地域,,,,,,,,,,,,,,,月木,,,,,,,,土,,,,,,,,,,,,,,,,水,,,,,,,,,,,,,,,,,土,,,,,,,,,,
西淀川区,御幣島,4丁目,10番,上記以外,,,,,,,,,,,,,,,,,月木,,,,,,,,,,,,,土,,,,,,,,,,,,,,,,,水,,,,,,,,土,,,,,,,,,,,
西淀川区,御幣島,4丁目,11番,軽四輪車(小さい車)で収集している地域,,,,,,,,,,,,,,月木,,,,,,,,,土,,,,,,,,,,,,,,,,水,,,,,,,,,,,,,,,,土,,,,,,,,,,,
西淀川区,御幣島,4丁目,11番,上記以外,,,,,,,,,,,,,,月木,,,,,,,,,,,,,,,,土,,,,,,,,,,,,,,,,,水,,,,,,,,土,,,,,,,,,,,
西淀川区,御幣島,4丁目,12番,軽四輪車(小さい車)で収集している地域,,,,,,,,,,,,,,月木,,,,,,,,,土,,,,,,,,,,,,,,,,水,,,,,,,,,,,,,,,,土,,,,,,,,,,,
西淀川区,御幣島,4丁目,12番,上記以外,,,,,,,,,,,,,,,月木,,,,,,,,,,,,,,,土,,,,,,,,,,,,,,,,水,,,,,,,,,土,,,,,,,,,,,
西淀川区,御幣島,4丁目,13番,軽四輪車(小さい車)で収集している地域,,,,,,,,,,,,,,月木,,,,,,,,,土,,,,,,,,,,,,,,,,水,,,,,,,,,,,,,,,,土,,,,,,,,,,,
西淀川区,御幣島,4丁目,13番,上記以外,,,,,,,,,,,,,,,,,月木,,,,,,,,,,,,,土,,,,,,,,,,,,,,,,,水,,,,,,,,土,,,,,,,,,,,
西淀川区,御幣島,4丁目,14番,軽四輪車(小さい車)で収集している地域,,,,,,,,,,,,,,,,,,月木,,,,,土,,,,,,,,,,,,,,,,水,,,,,,,,,,,,,,,,土,,,,,,,,,,,
西淀川区,御幣島,4丁目,14番,上記以外,,,,,,,,,,,,,,,,,月木,,,,,,,,,,,,,土,,,,,,,,,,,,,,,,,水,,,,,,,,土,,,,,,,,,,,
西淀川区,御幣島,4丁目,15番,,,,,,,,,,,,,,,,,,,月木,,,,,,,,土,,,,,,,,,,,,,,,,,,,水,,,,,,,,,,土,,,,,,,,,,,
西淀川区,御幣島,4丁目,16番,,,,,,,,,,,,,,,,,,月木,,,,,,,,,,,土,,,,,,,,,,,,,,,,,水,,,,,,,,,土,,,,,,,,,,,,
西淀川区,御幣島,4丁目,17番,,,,,,,,,,,,,,,月木,,,,,,,,,,,,,,土,,,,,,,,,,,,,,,,,,,水,,,,,,,,土,,,,,,,,,,,
西淀川区,御幣島,4丁目,18番,軽四輪車(小さい車)で収集している地域,,,,,,,,,,,,,,月木,,,,,,,,,,,,土,,,,,,,,,,,,,,,,水,,,,,,,,,,,,,,土,,,,,,,,,,
西淀川区,御幣島,4丁目,18番,上記以外,,,,,,,,,,,,,,,月木,,,,,,,,,,,土,,,,,,,,,,,,,,,,水,,,,,,,,,,,,,,土,,,,,,,,,,
西淀川区,御幣島,4丁目,19番,軽四輪車(小さい車)で収集している地域,,,月木,,,,,,,,,,,,,,,,,,,,,,,土,,,,,,,,,,,,,,,,,水,,,,,,,,,,,,,土,,,,,,,,,,
西淀川区,御幣島,4丁目,19番,111~118号,,,,,,,,,,月木,,,,,,,,,,,,,,,,土,,,,,,,,,,,,,,,,,水,,,,,,,,土,,,,,,,,,,,,,,,
西淀川区,御幣島,4丁目,19番,上記以外,,,,,,,,,,,,,,月木,,,,,,,,,,,,土,,,,,,,,,,,,,,,,,水,,,,,,,,,,,,,土,,,,,,,,,,
西淀川区,御幣島,5丁目,3番,,,,,,,,,,,,,,,,月木,,,,,,,,,,,,,,土,,,,,,,,,,,,,,,,水,,,,,,,,,,,,,,,,,,,水,,
西淀川区,御幣島,5丁目,4番,,,,,,,,,,,,,,,,,月木,,,,,,,,,,,,,土,,,,,,,,,,,,,,,,水,,,,,,,,,,,,,,,,,,,水,,
西淀川区,御幣島,5丁目,8番,,,,,,,,,,,,,,,,,月木,,,,,,,,,,,,土,,,,,,,,,,,,,,,,,水,,,,,,,,,,,,,,,,,,,水,,
西淀川区,御幣島,5丁目,9番,軽四輪車(小さい車)で収集している地域,,,,,,,,,,,,,,,,月木,,,,,,,,,,,土,,,,,,,,,,,,,,,,,,水,,,,,,,,,,,,,,,,,,,水,,
西淀川区,御幣島,5丁目,9番,上記以外,,,,,,,,,,月木,,,,,,,,,,,,,,,,,土,,,,,,,,,,,,,,,,,水,,,,,,,,,,,,,,,,,,,,水,,
西淀川区,御幣島,5丁目,11番,,,,,,,,,,,,,,,,月木,,,,,,,,,,,,,土,,,,,,,,,,,,,,,,水,,,,,,,,,,,,,,,,,,,,水,,
西淀川区,御幣島,5丁目,12番,,,,,,,,,,,,,,,,月木,,,,,,,,,,,,,土,,,,,,,,,,,,,,,,水,,,,,,,,,,,,,,,,,,,,水,,
西淀川区,御幣島,5丁目,15番,,,,,,,,,,,,,,,,月木,,,,,,,,,,,,,,土,,,,,,,,,,,,,,,,水,,,,,,,,,,,,,,,,,,,水,,
西淀川区,御幣島,5丁目,16番,,,,,,,,,,,,,,,,,月木,,,,,,,,,,,,土,,,,,,,,,,,,,,,水,,,,,,,,,,,,,,,,,,,,,水,,
西淀川区,御幣島,5丁目,17番,,,,,,,,,,,,,,,,月木,,,,,,,,,,,,,土,,,,,,,,,,,,,,,,水,,,,,,,,,,,,,,,,,,,,水,,
西淀川区,御幣島,6丁目,1番,軽四輪車(小さい車)で収集している地域,,,,,,,,,,,,,,,月木,,,,,,,,,,,,,土,,,,,,,,,,,,,,,,水,,,,,,,,,,,土,,,,,,,,,,,
西淀川区,御幣島,6丁目,1番,上記以外,,,,,,,,,,月木,,,,,,,,,,,,,,,,土,,,,,,,,,,,,,,水,,,,,,,,,,,,,,土,,,,,,,,,,,,
西淀川区,御幣島,6丁目,2番,,,,,,,,,,,,,,,,,,月木,,,,,,,,,,,土,,,,,,,,,,,,,,,,水,,,,,,,,,,,土,,,,,,,,,,,
西淀川区,御幣島,6丁目,3番,,,,,,,,,,,,,,,月木,,,,,,,,,,,,,,土,,,,,,,,,,,,,,,,,,,水,,,,,,,,土,,,,,,,,,,,
西淀川区,御幣島,6丁目,4番,,,,,,,,,,,月木,,,,,,,,,,,,,,土,,,,,,,,,,,,,,,,,水,,,,,,,,,,,,,,土,,,,,,,,,,,
西淀川区,御幣島,6丁目,5番,,,,,,,,,,,月木,,,,,,,,,,,,,土,,,,,,,,,,,,,,,,,,水,,,,,,,,,,,,,,土,,,,,,,,,,,
西淀川区,御幣島,6丁目,6番,,,,,,,,,,,月木,,,,,,,,,,,,,,,土,,,,,,,,,,,,,,,,水,,,,,,,,,,,,,,土,,,,,,,,,,,
西淀川区,御幣島,6丁目,7番,,,,,,,,,,,,,,,,月木,,,,,,,,,土,,,,,,,,,,,,,,,,,水,,,,,,,,,,,,,,土,,,,,,,,,,,
西淀川区,御幣島,6丁目,8番,,,,,,,,,,,,月木,,,,,,,,,,,,,土,,,,,,,,,,,,,,,,水,,,,,,,,,,,,,,,土,,,,,,,,,,,
西淀川区,御幣島,6丁目,9番,,,,,,,,,,,,月木,,,,,,,,,,,,,土,,,,,,,,,,,,,,,,,水,,,,,,,,,,,,,,土,,,,,,,,,,,
西淀川区,御幣島,6丁目,10番,,,,,,,,,,,月木,,,,,,,,,,,,,,,土,,,,,,,,,,,,,,,,水,,,,,,,,,,,,,,土,,,,,,,,,,,
西淀川区,御幣島,6丁目,11番,,,,,,,,,,,,,,月木,,,,,,,,,,,土,,,,,,,,,,,,,,,,,水,,,,,,,,,,,,,,土,,,,,,,,,,,
西淀川区,御幣島,6丁目,12番,,,,,,,,,,,月木,,,,,,,,,,,,,,,土,,,,,,,,,,,,,,,,,水,,,,,,,,,,,,,,土,,,,,,,,,,
西淀川区,御幣島,6丁目,13番,,,,,,,,,,,,,,,,月木,,,,,,,,,土,,,,,,,,,,,,,,,,,水,,,,,,,,,,,,,,土,,,,,,,,,,,
西淀川区,御幣島,6丁目,14番,,,,,,,,,,,月木,,,,,,,,,,,,,,土,,,,,,,,,,,,,,,,,,水,,,,,,,,,,,,,土,,,,,,,,,,,
西淀川区,御幣島,6丁目,15番,,,,,,,,,,,月木,,,,,,,,,,,,,,,土,,,,,,,,,,,,,,,,水,,,,,,,,,,,,,,土,,,,,,,,,,,
西淀川区,御幣島,6丁目,16番,,,,,,,,,,,月木,,,,,,,,,,,,,,土,,,,,,,,,,,,,,,,,水,,,,,,,,,,,,,土,,,,,,,,,,,,
西淀川区,御幣島,6丁目,17番,,,,,,,,,,,月木,,,,,,,,,,,,,,土,,,,,,,,,,,,,,,,,水,,,,,,,,,,,,,土,,,,,,,,,,,,
