行政区,町名,丁目,番地,備考,普通ごみ,普通ごみ_午前,普通ごみ_午後,資源ごみ,資源ごみ_午前,資源ごみ_午後,容器包装プラスチック,容器包装プラスチック_午前,容器包装プラスチック_午後,古紙衣類,古紙衣類_午前,古紙衣類_午後,古紙衣類_コミュニティ回収実施地域,ペットボトル_コミュニティ回収実施地域
西成区,山王,１丁目,1番,,,月木,,,水,,,土,,,水,,,
西成区,山王,１丁目,2番,,,月木,,,水,,,土,,,,水,,
西成区,山王,１丁目,3番,,,月木,,,水,,,土,,,,水,,
西成区,山王,１丁目,4番,,,月木,,,水,,,土,,,,水,,
西成区,山王,１丁目,5番,8~16号,,月木,,,水,,,土,,,,水,,
西成区,山王,１丁目,5番,17~24号,,月木,,,水,,,土,,,水,,,
西成区,山王,１丁目,5番,25~31号,,月木,,,水,,,土,,,,水,,
西成区,山王,１丁目,6番,1~9号,,月木,,,水,,,土,,,水,,,
西成区,山王,１丁目,6番,10~16号,,月木,,,水,,,土,,,,水,,
西成区,山王,１丁目,6番,17~30号,,月木,,,水,,,土,,,水,,,
西成区,山王,１丁目,7番,1~8･18号,,月木,,,水,,,土,,,,水,,
西成区,山王,１丁目,7番,9~17号,,月木,,,水,,,土,,,水,,,
西成区,山王,１丁目,7番,19~26号,,月木,,,水,,,土,,,水,,,
西成区,山王,１丁目,7番,27~30号,,月木,,,水,,,土,,,,水,,
西成区,山王,１丁目,8番,,,月木,,,水,,,土,,,,水,,
西成区,山王,１丁目,9番,,,月木,,,水,,,土,,,水,,,
西成区,山王,１丁目,10番,,,月木,,,水,,,土,,,,水,,
西成区,山王,１丁目,11番,,,月木,,,水,,,土,,,,水,,
西成区,山王,１丁目,12番,1~7号,,月木,,,水,,,土,,,水,,,
西成区,山王,１丁目,12番,8~10号,,月木,,,水,,,土,,,,水,,
西成区,山王,１丁目,12番,11~22号,,月木,,,水,,,土,,,水,,,
西成区,山王,１丁目,13番,,,月木,,,水,,,土,,,水,,,
西成区,山王,１丁目,14番,,,月木,,,水,,,土,,,水,,,
西成区,山王,１丁目,15番,,,月木,,,水,,,土,,,水,,,
西成区,山王,１丁目,16番,,,月木,,,水,,,土,,,水,,,
西成区,山王,１丁目,17番,,,月木,,,水,,,土,,,水,,,
西成区,山王,２丁目,1番,19~31号,,月木,,,水,,,土,,,水,,,
西成区,山王,２丁目,2番,,,月木,,,水,,,土,,,水,,,
西成区,山王,２丁目,3番,,,月木,,,水,,,土,,,水,,,
西成区,山王,２丁目,4番,,,月木,,,水,,,土,,,水,,,
西成区,山王,２丁目,5番,,,月木,,,水,,,土,,,水,,,
西成区,山王,２丁目,6番,,,月木,,,水,,,土,,,水,,,
西成区,山王,２丁目,7番,1~14号,,月木,,,水,,,土,,,水,,,
西成区,山王,２丁目,7番,15~26号,,月木,,,水,,,土,,,,水,,
西成区,山王,２丁目,8番,2~26号,,月木,,,水,,,土,,,,水,,
西成区,山王,２丁目,9番,2~9号,,月木,,,水,,,土,,,,水,,
西成区,山王,２丁目,9番,10~22号,,月木,,,水,,,土,,,水,,,
西成区,山王,２丁目,9番,23~25号,,月木,,,水,,,土,,,,水,,
西成区,山王,２丁目,10番,1~23号,,月木,,,水,,,土,,,水,,,
西成区,山王,２丁目,10番,24~27号,,月木,,,水,,,土,,,,水,,
西成区,山王,２丁目,11番,,,月木,,,水,,,土,,,水,,,
西成区,山王,２丁目,12番,,,月木,,,水,,,土,,,水,,,
西成区,山王,２丁目,13番,,,月木,,,水,,,土,,,水,,,
西成区,山王,２丁目,14番,,,月木,,,水,,,土,,,水,,,
西成区,山王,２丁目,15番,,,月木,,,水,,,土,,,水,,,
西成区,山王,３丁目,1番,,,月木,,,水,,,土,,,水,,,
西成区,山王,３丁目,2番,1~17号,,月木,,,水,,,土,,,水,,,
西成区,山王,３丁目,2番,18~23号,,月木,,,水,,,土,,,,水,,
西成区,山王,３丁目,3番,,,月木,,,水,,,土,,,水,,,
西成区,山王,３丁目,4番,,,月木,,,水,,,土,,,水,,,
西成区,山王,３丁目,5番,3~31号　,,月木,,,水,,,土,,,,水,,
西成区,山王,３丁目,6番,,,月木,,,水,,,土,,,,水,,
西成区,山王,３丁目,7番,,,月木,,,水,,,土,,,水,,,
西成区,山王,３丁目,8番,,,月木,,,水,,,土,,,水,,,
西成区,山王,３丁目,9番,,,月木,,,水,,,土,,,水,,,
西成区,山王,３丁目,10番,,,月木,,,水,,,土,,,水,,,
西成区,山王,３丁目,11番,,,月木,,,水,,,土,,,水,,,
西成区,山王,３丁目,12番,,,月木,,,水,,,土,,,水,,,
西成区,山王,３丁目,13番,,,月木,,,水,,,土,,,,水,,
西成区,山王,３丁目,14番,,,月木,,,水,,,土,,,,水,,
西成区,山王,３丁目,15番,,,月木,,,水,,,土,,,,水,,
西成区,山王,３丁目,16番,,,月木,,,水,,,土,,,,水,,
西成区,山王,３丁目,17番,,,月木,,,水,,,土,,,,水,,
西成区,山王,３丁目,18番,,,月木,,,水,,,土,,,,水,,
西成区,山王,３丁目,19番,,,月木,,,水,,,土,,,水,,,
西成区,山王,３丁目,20番,,,月木,,,水,,,土,,,水,,,
西成区,山王,３丁目,21番,,,月木,,,水,,,土,,,水,,,
西成区,太子,１丁目,,,,月木,,,水,,,土,,,水,,,
西成区,太子,２丁目,,,,月木,,,水,,,土,,,水,,,
西成区,萩之茶屋,１丁目,1番,,,月木,,,水,,,土,,,水,,,
西成区,萩之茶屋,１丁目,2番,,,月木,,,水,,,土,,,水,,,
西成区,萩之茶屋,１丁目,上記以外,,,,月木,,水,,,土,,,水,,,
西成区,萩之茶屋,２丁目,,,,,月木,,水,,,土,,,水,,,
西成区,萩之茶屋,３丁目,1番,9~10号,,月木,,,水,,,土,,,水,,,
西成区,萩之茶屋,３丁目,3番,3~18号,,月木,,,水,,,土,,,水,,,
西成区,萩之茶屋,３丁目,4番,18~26号,,月木,,,水,,,土,,,水,,,
西成区,萩之茶屋,３丁目,上記以外,,,,月木,,水,,,土,,,水,,,
西成区,花園北,１丁目,1番,4~13号,,月木,,,水,,,土,,,水,,,
西成区,花園北,１丁目,1番,上記以外,,,月木,,水,,,土,,,水,,,
西成区,花園北,２丁目,1番,,,,火金,,水,,,土,,,水,,,
西成区,花園北,２丁目,2番,,,,火金,,水,,,土,,,水,,,
西成区,花園北,２丁目,3番,,,,火金,,水,,,土,,,水,,,
西成区,花園北,２丁目,4番,,,,火金,,水,,,土,,,水,,,
西成区,花園北,２丁目,5番,2~3号,,,火金,,水,,,土,,,水,,,
西成区,花園北,２丁目,5番,6~12号,,火金,,,水,,,土,,,水,,,
西成区,花園北,２丁目,6番,,,,火金,,水,,,土,,,水,,,
西成区,花園北,２丁目,7番,,,,火金,,水,,,土,,,水,,,
西成区,花園北,２丁目,8番,,,,火金,,水,,,土,,,水,,,
西成区,花園北,２丁目,9番,1~2･16~19号,,,火金,,水,,,土,,,水,,,
西成区,花園北,２丁目,9番,5~10号,,火金,,,水,,,土,,,水,,,
西成区,花園北,２丁目,10番,,,火金,,,水,,,土,,,水,,,
西成区,花園北,２丁目,11番,18号ネオコーポ花園,,,火金,,水,,,土,,,水,,,
西成区,花園北,２丁目,11番,上記以外,,火金,,,水,,,土,,,水,,,
西成区,花園北,２丁目,12番,1~5号,,,火金,,水,,,土,,,水,,,
西成区,花園北,２丁目,12番,上記以外,,火金,,,水,,,土,,,水,,,
西成区,花園北,２丁目,13番,1~13号,,,火金,,水,,,土,,,水,,,
西成区,花園北,２丁目,13番,上記以外,,火金,,,水,,,土,,,水,,,
西成区,花園北,２丁目,14番,10~14号,,,火金,,水,,,土,,,水,,,
西成区,花園北,２丁目,14番,上記以外,,火金,,,水,,,土,,,水,,,
西成区,花園北,２丁目,15番,12~16号,,,火金,,水,,,土,,,水,,,
西成区,花園北,２丁目,15番,上記以外,,火金,,,水,,,土,,,水,,,
西成区,花園北,２丁目,16番,,,,火金,,水,,,土,,,水,,,
西成区,花園北,２丁目,17番,,,,火金,,水,,,土,,,水,,,
西成区,花園北,２丁目,18番,,,,火金,,水,,,土,,,水,,,
西成区,花園南,１丁目,1番,,,火金,,,月,,,木,,,月,,,
西成区,花園南,１丁目,2番,,,火金,,,月,,,木,,,月,,,
西成区,花園南,１丁目,3番,,,火金,,,月,,,木,,,月,,,
西成区,花園南,１丁目,4番,,,火金,,,月,,,木,,,月,,,
西成区,花園南,１丁目,5番,,,火金,,,月,,,木,,,月,,,
西成区,花園南,１丁目,6番,,,火金,,,月,,,木,,,月,,,
西成区,花園南,１丁目,7番,27号,,火金,,,月,,,木,,,月,,,
西成区,花園南,１丁目,7番,上記以外,,,火金,,,月,,,木,,月,,,
西成区,花園南,１丁目,8番,26~28号,,火金,,,,月,,,木,,月,,,
西成区,花園南,１丁目,8番,上記以外,,,火金,,,月,,,木,,月,,,
西成区,花園南,１丁目,9番,29~32号,,火金,,,,月,,,木,,月,,,
西成区,花園南,１丁目,9番,上記以外,,,火金,,,月,,,木,,月,,,
西成区,花園南,１丁目,10番,25~30号,,火金,,,,月,,,木,,月,,,
西成区,花園南,１丁目,10番,上記以外,,,火金,,,月,,,木,,月,,,
西成区,花園南,２丁目,1番,1~4･13~21号,,,火金,,月,,,木,,,月,,,
西成区,花園南,２丁目,1番,7~12号,,,火金,,,月,,,木,,月,,,
西成区,花園南,２丁目,2番,,,,火金,月,,,木,,,,月,,,
西成区,花園南,２丁目,3番,,,,火金,月,,,木,,,,月,,,
西成区,花園南,２丁目,4番,,,,火金,,月,,,木,,,月,,,
西成区,花園南,２丁目,5番,,,,火金,,月,,,木,,,月,,,
西成区,花園南,２丁目,6番,,,,火金,,月,,,木,,,月,,,
西成区,花園南,２丁目,7番,,,,火金,,月,,,木,,,月,,,
西成区,花園南,２丁目,8番,16号　南海高架下,,月木,,,月,,,木,,,月,,,
西成区,花園南,２丁目,8番,16号　南海高架下以外,,,火金,,月,,,木,,,月,,,
西成区,花園南,２丁目,9番,,,,火金,,月,,,木,,,月,,,
西成区,天下茶屋北,１丁目,1番,,,月木,,,水,,,土,,,水,,,
西成区,天下茶屋北,１丁目,2番,,,月木,,,水,,,土,,,水,,,
西成区,天下茶屋北,１丁目,3番,,,月木,,,水,,,土,,,水,,,
西成区,天下茶屋北,１丁目,4番,,,,月木,,水,,,土,,,水,,,
西成区,天下茶屋北,１丁目,5番,1~11号,,月木,,,水,,,土,,,,水,,
西成区,天下茶屋北,１丁目,5番,12~20号,,月木,,,水,,,土,,,水,,,
西成区,天下茶屋北,１丁目,5番,21~26号,,月木,,,水,,,土,,,,水,,
西成区,天下茶屋北,１丁目,6番,1~9号,,月木,,,水,,,土,,,,水,,
西成区,天下茶屋北,１丁目,6番,10~21号,,月木,,,水,,,土,,,水,,,
西成区,天下茶屋北,１丁目,6番,22~24号,,月木,,,水,,,土,,,,水,,
西成区,天下茶屋北,１丁目,7番,,,,月木,,水,,,土,,,水,,,
西成区,天下茶屋北,２丁目,1番,12~15号,,月木,,,水,,,土,,,水,,,
西成区,天下茶屋北,２丁目,2番,1･16~17号,,月木,,,水,,,土,,,水,,,
西成区,天下茶屋北,２丁目,上記以外,,,,月木,,水,,,土,,,水,,,
西成区,天下茶屋東,１丁目,1番,,,月木,,,水,,,土,,,土,,,
西成区,天下茶屋東,１丁目,2番,,,月木,,,水,,,土,,,土,,,
西成区,天下茶屋東,１丁目,3番,1~13号,,月木,,,,水,,,土,,土,,,
西成区,天下茶屋東,１丁目,3番,14~29号,,月木,,,水,,,土,,,土,,,
西成区,天下茶屋東,１丁目,4番,,,月木,,,,水,,,土,,土,,,
西成区,天下茶屋東,１丁目,5番,1~9号,,月木,,,,水,,,土,,土,,,
西成区,天下茶屋東,１丁目,5番,21~32号,,月木,,,水,,,土,,,土,,,
西成区,天下茶屋東,１丁目,6番,,,月木,,,水,,,土,,,土,,,
西成区,天下茶屋東,１丁目,7番,,,月木,,,水,,,土,,,土,,,
西成区,天下茶屋東,１丁目,8番,,,月木,,,水,,,土,,,土,,,
西成区,天下茶屋東,１丁目,9番,,,月木,,,水,,,土,,,土,,,
西成区,天下茶屋東,１丁目,10番,,,月木,,,水,,,土,,,土,,,
西成区,天下茶屋東,１丁目,11番,1~10･12~18号,,月木,,,水,,,土,,,土,,,
西成区,天下茶屋東,１丁目,11番,11･19~26号,,月木,,,,水,,,土,,土,,,
西成区,天下茶屋東,１丁目,12番,1~4･12~16号,,月木,,,水,,,土,,,土,,,
西成区,天下茶屋東,１丁目,12番,5~11･17~21号,,月木,,,,水,,,土,,土,,,
西成区,天下茶屋東,１丁目,13番,1~7号,,月木,,,水,,,土,,,土,,,
西成区,天下茶屋東,１丁目,13番,12~20号,,月木,,,,水,,,土,,土,,,
西成区,天下茶屋東,１丁目,14番,4~7･15~19号,,月木,,,,水,,,土,,土,,,
西成区,天下茶屋東,１丁目,14番,11号~14号･20号,,月木,,,水,,,土,,,土,,,
西成区,天下茶屋東,１丁目,15番,1~3･10~12号,,月木,,,水,,,土,,,土,,,
西成区,天下茶屋東,１丁目,15番,4~9･14~19号,,月木,,,,水,,,土,,土,,,
西成区,天下茶屋東,１丁目,16番,1･2･11~19号,,月木,,,水,,,土,,,土,,,
西成区,天下茶屋東,１丁目,16番,7~9号,,月木,,,,水,,,土,,土,,,
西成区,天下茶屋東,１丁目,17番,,,月木,,,水,,,土,,,土,,,
西成区,天下茶屋東,１丁目,18番,,,月木,,,水,,,土,,,土,,,
西成区,天下茶屋東,１丁目,19番,,,月木,,,水,,,土,,,土,,,
西成区,天下茶屋東,１丁目,20番,,,月木,,,水,,,土,,,土,,,
西成区,天下茶屋東,１丁目,21番,,,月木,,,水,,,土,,,土,,,
西成区,天下茶屋東,１丁目,22番,,,月木,,,水,,,土,,,土,,,
西成区,天下茶屋東,１丁目,23番,,,月木,,,水,,,土,,,土,,,
西成区,天下茶屋東,２丁目,1番,1~4号,,月木,,,,水,,,土,,火,,,
西成区,天下茶屋東,２丁目,1番,12~16･27~29号,,月木,,,,水,,,土,,土,,,
西成区,天下茶屋東,２丁目,1番,18~26号,,月木,,,水,,,土,,,土,,,
西成区,天下茶屋東,２丁目,2番,11~15･26~32号,,月木,,,,水,,,土,,土,,,
西成区,天下茶屋東,２丁目,2番,16~24号,,月木,,,水,,,土,,,土,,,
西成区,天下茶屋東,２丁目,3番,9~24号,,月木,,,水,,,土,,,土,,,
西成区,天下茶屋東,２丁目,3番,25~27号,,月木,,,,水,,,土,,土,,,
西成区,天下茶屋東,２丁目,4番,,,月木,,,水,,,土,,,土,,,
西成区,天下茶屋東,２丁目,5番,1~18号,,月木,,,水,,,土,,,土,,,
西成区,天下茶屋東,２丁目,5番,22~24号,,月木,,,,水,,,土,,土,,,
西成区,天下茶屋東,２丁目,6番,1~11･15~24号,,月木,,,水,,,土,,,土,,,
西成区,天下茶屋東,２丁目,6番,25~29号,,月木,,,,水,,,土,,土,,,
西成区,天下茶屋東,２丁目,7番,1~9･15~27号,,月木,,,水,,,土,,,土,,,
西成区,天下茶屋東,２丁目,7番,10･11号,,月木,,,,水,,,土,,土,,,
西成区,天下茶屋東,２丁目,8番,2~4･11~15号,,月木,,,水,,,土,,,土,,,
西成区,天下茶屋東,２丁目,8番,5~10号,,月木,,,,水,,,土,,土,,,
西成区,天下茶屋東,２丁目,9番,,,月木,,,水,,,土,,,土,,,
西成区,天下茶屋東,２丁目,10番,,,月木,,,水,,,土,,,土,,,
西成区,天下茶屋東,２丁目,11番,1~13･24･25号,,月木,,,水,,,土,,,土,,,
西成区,天下茶屋東,２丁目,11番,17~22号,,月木,,,,水,,,土,,土,,,
西成区,天下茶屋東,２丁目,12番,3~8号,,月木,,,,水,,,土,,土,,,
西成区,天下茶屋東,２丁目,12番,10~23号,,月木,,,水,,,土,,,土,,,
西成区,天下茶屋東,２丁目,13番,1~11･12~30号,,月木,,,水,,,土,,,土,,,
西成区,天下茶屋東,２丁目,14番,,,月木,,,水,,,土,,,土,,,
西成区,天下茶屋東,２丁目,15番,,,月木,,,水,,,土,,,土,,,
西成区,天下茶屋東,２丁目,16番,,,月木,,,水,,,土,,,土,,,
西成区,天下茶屋,１丁目,1番,3~9号,,,月木,,火,,,金,,,金,,,
西成区,天下茶屋,１丁目,1番,12~19号,,月木,,,火,,,金,,,金,,,
西成区,天下茶屋,１丁目,2番,軽四輪車(小さい車)で収集している地域,,,月木,,火,,,金,,,金,,,
西成区,天下茶屋,１丁目,2番,13号朝日プラザ天下茶屋2,,月木,,,火,,,金,,,金,,,
西成区,天下茶屋,１丁目,2番,15~17号,,月木,,,火,,,金,,,金,,,
西成区,天下茶屋,１丁目,3番,軽四輪車(小さい車)で収集している地域,,,月木,,火,,,金,,,金,,,
西成区,天下茶屋,１丁目,3番,上記以外,,月木,,,火,,,金,,,金,,,
西成区,天下茶屋,１丁目,4番,4~11号,,,月木,,火,,,金,,,金,,,
西成区,天下茶屋,１丁目,4番,13~14号,,月木,,,火,,,金,,,金,,,
西成区,天下茶屋,１丁目,4番,15~24号,,,月木,,火,,,金,,,金,,,
西成区,天下茶屋,１丁目,5番,14~15号,,月木,,,火,,,金,,,金,,,
西成区,天下茶屋,１丁目,5番,17~24号,,,月木,,火,,,金,,,金,,,
西成区,天下茶屋,１丁目,6番,8~14･21号,,,月木,,火,,,金,,,金,,,
西成区,天下茶屋,１丁目,6番,22~24号,,月木,,,火,,,金,,,金,,,
西成区,天下茶屋,１丁目,7番,2~9号,,,月木,,火,,,金,,,,金,,
西成区,天下茶屋,１丁目,7番,10~15号,,,月木,,火,,,金,,,金,,,
西成区,天下茶屋,１丁目,7番,16~22号,,,月木,,火,,,金,,,,金,,
西成区,天下茶屋,１丁目,8番,1~4号,,月木,,,火,,,金,,,金,,,
西成区,天下茶屋,１丁目,8番,5~11号,,月木,,,火,,,金,,,,金,,
西成区,天下茶屋,１丁目,8番,16~23号,,,月木,,火,,,金,,,,金,,
西成区,天下茶屋,１丁目,9番,6･8号,,,月木,,火,,,金,,,,金,,
西成区,天下茶屋,１丁目,9番,7･9号,,月木,,,火,,,金,,,,金,,
西成区,天下茶屋,１丁目,9番,10~19号,,月木,,,火,,,金,,,金,,,
西成区,天下茶屋,１丁目,9番,20~26号,,月木,,,火,,,金,,,,金,,
西成区,天下茶屋,１丁目,10番,1~13号,,月木,,,火,,,金,,,金,,,
西成区,天下茶屋,１丁目,10番,14~26号,,,月木,,火,,,金,,,,金,,
西成区,天下茶屋,１丁目,11番,1~5号,,,月木,,火,,,金,,,金,,,
西成区,天下茶屋,１丁目,11番,6~20号,,,月木,,火,,,金,,,,金,,
西成区,天下茶屋,１丁目,12番,1~5号,,,月木,,火,,,金,,,金,,,
西成区,天下茶屋,１丁目,12番,6~21号,,,月木,,火,,,金,,,,金,,
西成区,天下茶屋,１丁目,13番,,,,月木,,火,,,金,,,金,,,
西成区,天下茶屋,１丁目,14番,,,,月木,,火,,,金,,,金,,,
西成区,天下茶屋,１丁目,15番,,,月木,,,火,,,金,,,金,,,
西成区,天下茶屋,１丁目,16番,5~24号,,月木,,,火,,,金,,,金,,,
西成区,天下茶屋,１丁目,16番,26~30号,,,月木,,火,,,金,,,金,,,
西成区,天下茶屋,１丁目,17番,3~10号,,月木,,,火,,,金,,,金,,,
西成区,天下茶屋,１丁目,17番,17~25号,,,月木,,火,,,金,,,金,,,
西成区,天下茶屋,１丁目,17番,34~36号,,月木,,,火,,,金,,,金,,,
西成区,天下茶屋,１丁目,18番,3~17号,,,月木,,火,,,金,,,金,,,
西成区,天下茶屋,１丁目,18番,19~27号,,月木,,,火,,,金,,,金,,,
西成区,天下茶屋,１丁目,19番,,,,月木,,火,,,金,,,金,,,
西成区,天下茶屋,１丁目,20番,1~6･12~18号,,,月木,,火,,,金,,,金,,,
西成区,天下茶屋,１丁目,20番,8~10号,,月木,,,火,,,金,,,金,,,
西成区,天下茶屋,１丁目,21番,1~7号,,,月木,,火,,,金,,,金,,,
西成区,天下茶屋,１丁目,21番,8~16号,,月木,,,火,,,金,,,金,,,
西成区,天下茶屋,１丁目,22番,2~8号,,月木,,,火,,,金,,,金,,,
西成区,天下茶屋,１丁目,22番,13~15号,,月木,,,火,,,金,,,金,,,
西成区,天下茶屋,１丁目,22番,16~23号,,,月木,,火,,,金,,,金,,,
西成区,天下茶屋,１丁目,22番,25~27号,,月木,,,火,,,金,,,金,,,
西成区,天下茶屋,１丁目,23番,下記以外,,,月木,,火,,,金,,,金,,,
西成区,天下茶屋,１丁目,23番,17~19号,,月木,,,火,,,金,,,金,,,
西成区,天下茶屋,１丁目,24番,1~6号,,月木,,,火,,,金,,,金,,,
西成区,天下茶屋,１丁目,24番,7~14号,,,月木,,火,,,金,,,金,,,
西成区,天下茶屋,１丁目,24番,17~27号,,月木,,,火,,,金,,,金,,,
西成区,天下茶屋,１丁目,25番,1~14号,,,月木,,火,,,金,,,金,,,
西成区,天下茶屋,１丁目,25番,15~17･19~25号,,,月木,,火,,,金,,,金,,,
西成区,天下茶屋,１丁目,25番,18号,,月木,,,火,,,金,,,金,,,
西成区,天下茶屋,１丁目,26番,1~5号,,,月木,,火,,,金,,,金,,,
西成区,天下茶屋,１丁目,26番,6~7号,,,月木,,火,,,金,,,金,,,
西成区,天下茶屋,１丁目,26番,8~19号,,月木,,,火,,,金,,,金,,,
西成区,天下茶屋,１丁目,26番,21~28号,,,月木,,火,,,金,,,金,,,
西成区,天下茶屋,１丁目,27番,,,月木,,,火,,,金,,,金,,,
西成区,天下茶屋,１丁目,28番,軽四輪車(小さい車)で収集している地域,,,月木,,火,,,金,,,金,,,
西成区,天下茶屋,１丁目,28番,上記以外,,月木,,,火,,,金,,,金,,,
西成区,天下茶屋,１丁目,29番,1~9号,,,月木,,火,,,金,,,金,,,
西成区,天下茶屋,１丁目,29番,12~23号,,月木,,,火,,,金,,,金,,,
西成区,天下茶屋,１丁目,30番,10~13号,,月木,,,火,,,金,,,金,,,
西成区,天下茶屋,１丁目,30番,14号,,,月木,,火,,,金,,,金,,,
西成区,天下茶屋,１丁目,30番,17~18号,,月木,,,火,,,金,,,金,,,
西成区,天下茶屋,１丁目,31番,,,月木,,,火,,,金,,,金,,,
西成区,天下茶屋,１丁目,32番,26･28~31号,,月木,,,火,,,金,,,月,,,
西成区,天下茶屋,２丁目,1番,1~9号,,,月木,,火,,,金,,,,金,,
西成区,天下茶屋,２丁目,1番,10~14号,,月木,,,火,,,金,,,金,,,
西成区,天下茶屋,２丁目,1番,15~20号,,月木,,,火,,,金,,,,金,,
西成区,天下茶屋,２丁目,2番,4~8号,,月木,,,火,,,金,,,,金,,
西成区,天下茶屋,２丁目,2番,9~15号,,月木,,,火,,,金,,,金,,,
西成区,天下茶屋,２丁目,2番,16~21号,,,月木,,火,,,金,,,,金,,
西成区,天下茶屋,２丁目,3番,3~9号,,,月木,,火,,,金,,,,金,,
西成区,天下茶屋,２丁目,3番,10~16号,,月木,,,火,,,金,,,金,,,
西成区,天下茶屋,２丁目,3番,17号,,月木,,,火,,,金,,,金,,,
西成区,天下茶屋,２丁目,4番,4~10号,,月木,,,火,,,金,,,,金,,
西成区,天下茶屋,２丁目,4番,11~16号,,月木,,,火,,,金,,,金,,,
西成区,天下茶屋,２丁目,4番,17~22号,,,月木,,火,,,金,,,,金,,
西成区,天下茶屋,２丁目,5番,,,月木,,,火,,,金,,,金,,,
西成区,天下茶屋,２丁目,6番,,,月木,,,火,,,金,,,金,,,
西成区,天下茶屋,２丁目,7番,,,月木,,,火,,,金,,,金,,,
西成区,天下茶屋,２丁目,8番,,,月木,,,火,,,金,,,金,,,
西成区,天下茶屋,２丁目,9番,2~9号,,月木,,,火,,,金,,,金,,,
西成区,天下茶屋,２丁目,9番,10~17号,,,月木,,火,,,金,,,,金,,
西成区,天下茶屋,２丁目,10番,1~6･9~15号,,,月木,,火,,,金,,,,金,,
西成区,天下茶屋,２丁目,10番,7~8号,,月木,,,火,,,金,,,,金,,
西成区,天下茶屋,２丁目,11番,1~4･9~14号,,,月木,,火,,,金,,,,金,,
西成区,天下茶屋,２丁目,11番,6~7号,,月木,,,火,,,金,,,,金,,
西成区,天下茶屋,２丁目,12番,2号,,月木,,,火,,,金,,,,金,,
西成区,天下茶屋,２丁目,12番,2号以外,,,月木,,火,,,金,,,,金,,
西成区,天下茶屋,２丁目,13番,1号,,月木,,,火,,,金,,,,金,,
西成区,天下茶屋,２丁目,13番,1号以外,,,月木,,火,,,金,,,,金,,
西成区,天下茶屋,２丁目,14番,1･2号,,月木,,,火,,,金,,,,金,,
西成区,天下茶屋,２丁目,14番,1･2号以外,,,月木,,火,,,金,,,,金,,
西成区,天下茶屋,２丁目,15番,1号,,月木,,,火,,,金,,,,金,,
西成区,天下茶屋,２丁目,15番,1号以外,,,月木,,火,,,金,,,,金,,
西成区,天下茶屋,２丁目,16番,1~5号,,月木,,,火,,,金,,,金,,,
西成区,天下茶屋,２丁目,16番,6~18号,,,月木,,火,,,金,,,,金,,
西成区,天下茶屋,２丁目,16番,19~28号,,月木,,,火,,,金,,,金,,,
西成区,天下茶屋,２丁目,17番,1~8号,,,月木,,火,,,金,,,,金,,
西成区,天下茶屋,２丁目,17番,9~18号,,月木,,,火,,,金,,,金,,,
西成区,天下茶屋,２丁目,18番,1~14号,,,月木,,火,,,金,,,,金,,
西成区,天下茶屋,２丁目,18番,15~21号,,,月木,,火,,,金,,,金,,,
西成区,天下茶屋,２丁目,18番,23~28号,,月木,,,火,,,金,,,金,,,
西成区,天下茶屋,２丁目,18番,29~33号,,,月木,,火,,,金,,,金,,,
西成区,天下茶屋,２丁目,19番,1~4号,,,月木,,火,,,金,,,,金,,
西成区,天下茶屋,２丁目,19番,6~12号,,月木,,,火,,,金,,,金,,,
西成区,天下茶屋,２丁目,19番,15~16号,,,月木,,火,,,金,,,金,,,
西成区,天下茶屋,２丁目,20番,2~3号,,,月木,,火,,,金,,,金,,,
西成区,天下茶屋,２丁目,20番,5~22号,,月木,,,火,,,金,,,金,,,
西成区,天下茶屋,２丁目,21番,1･6号,,,月木,,火,,,金,,,金,,,
西成区,天下茶屋,２丁目,21番,2~5号,,月木,,,火,,,金,,,金,,,
西成区,天下茶屋,２丁目,21番,7~24号,,月木,,,火,,,金,,,金,,,
西成区,天下茶屋,２丁目,22番,,,月木,,,火,,,金,,,金,,,
西成区,天下茶屋,２丁目,23番,,,月木,,,火,,,金,,,金,,,
西成区,天下茶屋,２丁目,24番,9･10号,,,月木,,火,,,金,,,金,,,
西成区,天下茶屋,２丁目,24番,軽四輪車(小さい車)で収集している地域,,,月木,,火,,,金,,,金,,,
西成区,天下茶屋,２丁目,24番,上記以外,,月木,,,火,,,金,,,金,,,
西成区,天下茶屋,３丁目,1番,3~12号,,,月木,,火,,,金,,,,金,,
西成区,天下茶屋,３丁目,1番,13~17号,,月木,,,火,,,金,,,,金,,
西成区,天下茶屋,３丁目,2番,3~10号,,,月木,,火,,,金,,,金,,,
西成区,天下茶屋,３丁目,2番,12~20号,,月木,,,火,,,金,,,,金,,
西成区,天下茶屋,３丁目,2番,22~25号,,月木,,,火,,,金,,,,金,,
西成区,天下茶屋,３丁目,3番,,,,月木,,火,,,金,,,,金,,
西成区,天下茶屋,３丁目,4番,,,,月木,,火,,,金,,,,金,,
西成区,天下茶屋,３丁目,5番,,,,月木,,火,,,金,,,金,,,
西成区,天下茶屋,３丁目,6番,,,,月木,,火,,,金,,,金,,,
西成区,天下茶屋,３丁目,7番,5~8･17号,,,月木,,火,,,金,,,金,,,
西成区,天下茶屋,３丁目,7番,10~15号,,月木,,,火,,,金,,,金,,,
西成区,天下茶屋,３丁目,8番,2~12号,,,月木,,火,,,金,,,,金,,
西成区,天下茶屋,３丁目,8番,13~18号,,月木,,,火,,,金,,,金,,,
西成区,天下茶屋,３丁目,8番,19~29号,,,月木,,火,,,金,,,金,,,
西成区,天下茶屋,３丁目,9番,5~19号,,月木,,,火,,,金,,,金,,,
西成区,天下茶屋,３丁目,9番,20~30号,,,月木,,火,,,金,,,,金,,
西成区,天下茶屋,３丁目,10番,,,月木,,,火,,,金,,,金,,,
西成区,天下茶屋,３丁目,11番,,,月木,,,火,,,金,,,金,,,
西成区,天下茶屋,３丁目,12番,,,月木,,,火,,,金,,,金,,,
西成区,天下茶屋,３丁目,13番,,,月木,,,火,,,金,,,金,,,
西成区,天下茶屋,３丁目,14番,2･21~31号,,,月木,,火,,,金,,,金,,,
西成区,天下茶屋,３丁目,14番,3~19号,,月木,,,火,,,金,,,金,,,
西成区,天下茶屋,３丁目,15番,2~6号,,,月木,,火,,,金,,,金,,,
西成区,天下茶屋,３丁目,15番,8~9号,,月木,,,火,,,金,,,金,,,
西成区,天下茶屋,３丁目,15番,10~16号,,,月木,,火,,,金,,,金,,,
西成区,天下茶屋,３丁目,16番,1~6号,,,月木,,火,,,金,,,金,,,
西成区,天下茶屋,３丁目,16番,7~18号,,月木,,,火,,,金,,,金,,,
西成区,天下茶屋,３丁目,17番,2~9･16号~21号,,,月木,,火,,,金,,,金,,,
西成区,天下茶屋,３丁目,17番,12~15号,,月木,,,火,,,金,,,金,,,
西成区,天下茶屋,３丁目,18番,5~10号,,,月木,,火,,,金,,,金,,,
西成区,天下茶屋,３丁目,18番,17~27号,,月木,,,火,,,金,,,金,,,
西成区,天下茶屋,３丁目,19番,,,月木,,,火,,,金,,,金,,,
西成区,天下茶屋,３丁目,20番,,,月木,,,火,,,金,,,金,,,
西成区,天下茶屋,３丁目,21番,,,月木,,,火,,,金,,,金,,,
西成区,天下茶屋,３丁目,22番,,,月木,,,火,,,金,,,金,,,
西成区,天下茶屋,３丁目,23番,,,月木,,,火,,,金,,,金,,,
西成区,天下茶屋,３丁目,24番,,,月木,,,火,,,金,,,金,,,
西成区,天下茶屋,３丁目,25番,,,月木,,,火,,,金,,,金,,,
西成区,天下茶屋,３丁目,26番,,,月木,,,火,,,金,,,金,,,
西成区,天下茶屋,３丁目,27番,,,月木,,,火,,,金,,,金,,,
西成区,天下茶屋,３丁目,28番,,,月木,,,火,,,金,,,金,,,
西成区,聖天下,１丁目,1番,9･11~23号,,月木,,,水,,,土,,,土,,,
西成区,聖天下,１丁目,1番,10号,,月木,,,,水,,,土,,土,,,
西成区,聖天下,１丁目,2番,,,月木,,,水,,,土,,,土,,,
西成区,聖天下,１丁目,3番,8~10号,,月木,,,,水,,,土,,土,,,
西成区,聖天下,１丁目,3番,11~24号,,月木,,,水,,,土,,,土,,,
西成区,聖天下,１丁目,4番,1~14･35~41号,,月木,,,水,,,土,,,土,,,
西成区,聖天下,１丁目,4番,16~33号,,月木,,,,水,,,土,,土,,,
西成区,聖天下,１丁目,5番,1~4･6･10･18~24号,,月木,,,水,,,土,,,土,,,
西成区,聖天下,１丁目,5番,14~17号,,月木,,,,水,,,土,,土,,,
西成区,聖天下,１丁目,6番,2~4･9~25号,,月木,,,水,,,土,,,土,,,
西成区,聖天下,１丁目,6番,5~8号,,月木,,,,水,,,土,,土,,,
西成区,聖天下,１丁目,7番,1~10･13~29･41~48号,,月木,,,水,,,土,,,土,,,
西成区,聖天下,１丁目,7番,11･31~39号,,月木,,,,水,,,土,,土,,,
西成区,聖天下,１丁目,8番,5~12号,,月木,,,,水,,,土,,土,,,
西成区,聖天下,１丁目,8番,13号~26号,,月木,,,水,,,土,,,土,,,
西成区,聖天下,１丁目,9番,,,月木,,,水,,,土,,,土,,,
西成区,聖天下,１丁目,10番,4~28号,,月木,,,,水,,,土,,土,,,
西成区,聖天下,１丁目,10番,29~39号,,月木,,,水,,,土,,,土,,,
西成区,聖天下,１丁目,11番,,,月木,,,,水,,,土,,土,,,
西成区,聖天下,１丁目,12番,,,月木,,,,水,,,土,,土,,,
西成区,聖天下,２丁目,1番,,,,月木,,水,,,土,,,土,,,
西成区,聖天下,２丁目,2番,1~8･23号,,月木,,,水,,,土,,,土,,,
西成区,聖天下,２丁目,2番,9~17号,,,月木,,,水,,,土,,土,,,
西成区,聖天下,２丁目,2番,18~22号,,月木,,,,水,,,土,,土,,,
西成区,聖天下,２丁目,3番,2･3･23~32号,,月木,,,水,,,土,,,土,,,
西成区,聖天下,２丁目,3番,4~21号,,,月木,,水,,,土,,,土,,,
西成区,聖天下,２丁目,4番,1~18号,,,月木,,水,,,土,,,土,,,
西成区,聖天下,２丁目,4番,15~18号(持出場所),,月木,,,水,,,土,,,土,,,
西成区,聖天下,２丁目,4番,15~18号,,,月木,,水,,,土,,,土,,,
西成区,聖天下,２丁目,5番,6~9号,,月木,,,水,,,土,,,土,,,
西成区,聖天下,２丁目,5番,2･11~20号,,,月木,,水,,,土,,,土,,,
西成区,聖天下,２丁目,6番,1~16号,,,月木,,水,,,土,,,土,,,
西成区,聖天下,２丁目,6番,17~21号,,月木,,,水,,,土,,,土,,,
西成区,聖天下,２丁目,6番,28~31号,,,月木,,水,,,土,,,土,,,
西成区,聖天下,２丁目,7番,,,,月木,,水,,,土,,,土,,,
西成区,聖天下,２丁目,8番,1~5･26号,,,月木,,,水,,,土,,土,,,
西成区,聖天下,２丁目,8番,10~17号,,,月木,,水,,,土,,,土,,,
西成区,聖天下,２丁目,9番,1~10号,,月木,,,水,,,土,,,土,,,
西成区,聖天下,２丁目,9番,13~21号,,,月木,,,水,,,土,,土,,,
西成区,聖天下,２丁目,10番,1･12~16号,,月木,,,水,,,土,,,土,,,
西成区,聖天下,２丁目,10番,3･6~8号,,,月木,,水,,,土,,,土,,,
西成区,聖天下,２丁目,11番,,,月木,,,水,,,土,,,土,,,
西成区,天神ノ森,１丁目,1番,,,,月木,,火,,,金,,,金,,,
西成区,天神ノ森,１丁目,2番,1~9･18~25号,,,月木,,火,,,金,,,金,,,
西成区,天神ノ森,１丁目,2番,13~17号,,,月木,,,火,,,金,,金,,,
西成区,天神ノ森,１丁目,3番,2~13号,,,月木,,,火,,,金,,金,,,
西成区,天神ノ森,１丁目,3番,16~24号,,,月木,,火,,,金,,,金,,,
西成区,天神ノ森,１丁目,4番,,,,月木,,,火,,,金,,金,,,
西成区,天神ノ森,１丁目,5番,,,,月木,,,火,,,金,,金,,,
西成区,天神ノ森,１丁目,6番,,,,月木,火,,,,金,,,金,,,
西成区,天神ノ森,１丁目,7番,1~8号,,,月木,,火,,,金,,,金,,,
西成区,天神ノ森,１丁目,7番,10~22号,,,月木,,,火,,,金,,金,,,
西成区,天神ノ森,１丁目,8番,,,,月木,,火,,,金,,,金,,,
西成区,天神ノ森,１丁目,9番,4~13･23･24号,,,月木,,火,,,金,,,金,,,
西成区,天神ノ森,１丁目,9番,15~22号,,,月木,,,火,,,金,,金,,,
西成区,天神ノ森,１丁目,10番,6･14~20号,,,月木,,,火,,,金,,金,,,
西成区,天神ノ森,１丁目,10番,10･11号,,,月木,,火,,,金,,,金,,,
西成区,天神ノ森,１丁目,11番,,,,月木,,火,,,金,,,金,,,
西成区,天神ノ森,１丁目,12番,,,,月木,,火,,,金,,,金,,,
西成区,天神ノ森,１丁目,13番,4~10号,,,月木,,,火,,,金,,金,,,
西成区,天神ノ森,１丁目,13番,11~26号,,,月木,,火,,,金,,,金,,,
西成区,天神ノ森,１丁目,14番,,,,月木,,,火,,,金,,金,,,
西成区,天神ノ森,１丁目,15番,1~11号,,,月木,,,火,,,金,,金,,,
西成区,天神ノ森,１丁目,15番,12~23号,,,月木,,火,,,金,,,金,,,
西成区,天神ノ森,１丁目,16番,,,,月木,,火,,,金,,,金,,,
西成区,天神ノ森,１丁目,17番,,,,月木,,火,,,金,,,金,,,
西成区,天神ノ森,１丁目,18番,,,,月木,,火,,,金,,,金,,,
西成区,天神ノ森,１丁目,19番,,,,月木,,火,,,金,,,金,,,
西成区,天神ノ森,２丁目,1番,10~19号,,,月木,,,火,,,金,,金,,,
西成区,天神ノ森,２丁目,1番,21~25号,,,月木,,火,,,金,,,金,,,
西成区,天神ノ森,２丁目,2番,2~16号,,,月木,,,火,,,金,,金,,,
西成区,天神ノ森,２丁目,2番,18･19号,,,月木,,火,,,金,,,金,,,
西成区,天神ノ森,２丁目,3番,,,,月木,,火,,,金,,,金,,,
西成区,天神ノ森,２丁目,4番,,,,月木,,火,,,金,,,金,,,
西成区,天神ノ森,２丁目,5番,,,,月木,,火,,,金,,,金,,,
西成区,天神ノ森,２丁目,6番,1~14号,,,月木,,,火,,,金,,金,,,
西成区,天神ノ森,２丁目,6番,15~19号,,,月木,,,火,,,金,,金,,,
西成区,天神ノ森,２丁目,6番,軽四輪車(小さい車)で収集している地域,,,月木,,,火,,,金,,金,,,
西成区,天神ノ森,２丁目,6番,上記以外,,月木,,,,火,,,金,,金,,,
西成区,天神ノ森,２丁目,6番,21~23号,,月木,,,火,,,金,,,金,,,
西成区,天神ノ森,２丁目,6番,24~38号,,,月木,,,火,,,金,,金,,,
西成区,天神ノ森,２丁目,7番,,,月木,,,火,,,金,,,金,,,
西成区,天神ノ森,２丁目,8番,,,月木,,,火,,,金,,,金,,,
西成区,天神ノ森,２丁目,9番,,,月木,,,火,,,金,,,金,,,
西成区,天神ノ森,２丁目,10番,,,月木,,,火,,,金,,,金,,,
西成区,岸里,１丁目,,,,,火金,,月,,,木,,,月,,,
西成区,岸里,２丁目,,,,,火金,,月,,,木,,,月,,,
西成区,岸里,３丁目,,,,,火金,,月,,,木,,,月,,,
西成区,岸里東,１丁目,,,,,月木,,火,,,金,,,金,,,
西成区,岸里東,２丁目,1番,,,,月木,,火,,,金,,,金,,,
西成区,岸里東,２丁目,2番,,,,月木,,火,,,金,,,金,,,
西成区,岸里東,２丁目,3番,,,,月木,,火,,,金,,,金,,,
西成区,岸里東,２丁目,4番,3号~8号･20号,,,月木,,,火,,,金,,金,,,
西成区,岸里東,２丁目,4番,10号~18号,,,月木,,火,,,金,,,金,,,
西成区,岸里東,２丁目,5番,9号~21号,,,月木,,火,,,金,,,金,,,
西成区,岸里東,２丁目,5番,22号~25号,,,月木,,,火,,,金,,金,,,
西成区,岸里東,２丁目,6番,,,,月木,,火,,,金,,,金,,,
西成区,岸里東,２丁目,7番,,,,月木,,火,,,金,,,金,,,
西成区,岸里東,２丁目,8番,,,,月木,,火,,,金,,,金,,,
西成区,岸里東,２丁目,9番,,,,月木,,火,,,金,,,金,,,
西成区,岸里東,２丁目,10番,,,,月木,,火,,,金,,,金,,,
西成区,岸里東,２丁目,11番,,,,月木,,火,,,金,,,金,,,
西成区,岸里東,２丁目,12番,,,,月木,,火,,,金,,,金,,,
西成区,岸里東,２丁目,13番,10号~17号,,月木,,,火,,,金,,,金,,,
西成区,岸里東,２丁目,13番,上記以外,,,月木,,火,,,金,,,金,,,
西成区,岸里東,２丁目,14番,,,,月木,,火,,,金,,,金,,,
西成区,岸里東,２丁目,15番,,,,月木,,火,,,金,,,金,,,
西成区,岸里東,２丁目,16番,,,,月木,,火,,,金,,,金,,,
西成区,玉出東,１丁目,1番,,,水土,,,,火,,,金,,金,,,
西成区,玉出東,１丁目,2番,,,水土,,,火,,,金,,,金,,,
西成区,玉出東,１丁目,3番,3号~11号･19号~23号,,水土,,,,火,,,金,,金,,,
西成区,玉出東,１丁目,3番,12号~18号,,水土,,,火,,,金,,,金,,,
西成区,玉出東,１丁目,4番,1号~25号,,水土,,,火,,,金,,,金,,,
西成区,玉出東,１丁目,4番,27号~36号,,水土,,,,火,,,金,,金,,,
西成区,玉出東,１丁目,5番,8号~11号,,水土,,,,火,,,金,,金,,,
西成区,玉出東,１丁目,5番,12号~19号,,水土,,,火,,,金,,,金,,,
西成区,玉出東,１丁目,6番,10号~20号,,水土,,,,火,,,金,,金,,,
西成区,玉出東,１丁目,6番,34号~36号,,水土,,,,火,,,金,,金,,,
西成区,玉出東,１丁目,7番,,,水土,,,火,,,金,,,金,,,
西成区,玉出東,１丁目,8番,1号~4号･22号~29号,,水土,,,火,,,金,,,金,,,
西成区,玉出東,１丁目,8番,11号~19号,,水土,,,,火,,,金,,金,,,
西成区,玉出東,１丁目,9番,1号~23号,,水土,,,火,,,金,,,金,,,
西成区,玉出東,１丁目,9番,25号~30号,,水土,,,,火,,,金,,金,,,
西成区,玉出東,１丁目,10番,,,水土,,,火,,,金,,,金,,,
西成区,玉出東,１丁目,11番,1号~17号,,水土,,,火,,,金,,,金,,,
西成区,玉出東,１丁目,11番,19号~24号,,水土,,,,火,,,金,,金,,,
西成区,玉出東,１丁目,12番,,,水土,,,火,,,金,,,金,,,
西成区,玉出東,１丁目,13番,,,水土,,,火,,,金,,,金,,,
西成区,玉出東,１丁目,14番,,,水土,,,火,,,金,,,金,,,
西成区,玉出東,２丁目,1番,,,水土,,,,火,金,,,,金,,,
西成区,玉出東,２丁目,2番,1号~10号･20号~32号,,水土,,,火,,,金,,,金,,,
西成区,玉出東,２丁目,2番,11号~19号,,水土,,,,火,,,金,,金,,,
西成区,玉出東,２丁目,3番,3号･10号~33号,,水土,,,火,,,金,,,金,,,
西成区,玉出東,２丁目,3番,5号~9号,,水土,,,,火,,,金,,金,,,
西成区,玉出東,２丁目,4番,,,水土,,,火,,,金,,,金,,,
西成区,玉出東,２丁目,5番,1号~15号,,水土,,,火,,,金,,,金,,,
西成区,玉出東,２丁目,5番,16号~34号,,水土,,,,火,,,金,,金,,,
西成区,玉出東,２丁目,6番,,,水土,,,,火,,,金,,金,,,
西成区,玉出東,２丁目,7番,,,水土,,,,火,,,金,,金,,,
西成区,玉出東,２丁目,8番,,,水土,,,,火,,,金,,金,,,
西成区,玉出東,２丁目,9番,,,水土,,,火,,,金,,,金,,,
西成区,玉出東,２丁目,10番,,,水土,,,火,,,金,,,金,,,
西成区,玉出東,２丁目,11番,3号~10号,,水土,,,,火,,,金,,金,,,
西成区,玉出東,２丁目,11番,11号~18号,,水土,,,火,,,金,,,金,,,
西成区,玉出東,２丁目,12番,,,水土,,,火,,,金,,,金,,,
西成区,玉出東,２丁目,13番,,,水土,,,火,,,金,,,金,,,
西成区,玉出東,２丁目,14番,,,水土,,,火,,,金,,,金,,,
西成区,玉出東,２丁目,15番,,,水土,,,火,,,金,,,金,,,
西成区,玉出中,１丁目,1番,2号･3号,,水土,,,火,,,金,,,月,,,
西成区,玉出中,１丁目,1番,上記以外,,,水土,,火,,,金,,,月,,,
西成区,玉出中,１丁目,2番,1号~9号,,,水土,,火,,,金,,,月,,,
西成区,玉出中,１丁目,2番,11号~13号,,水土,,,火,,,金,,,月,,,
西成区,玉出中,１丁目,2番,14号~26号,,,水土,,火,,,金,,,月,,,
西成区,玉出中,１丁目,2番,28号,,水土,,,火,,,金,,,月,,,
西成区,玉出中,１丁目,2番,31号~43号,,,水土,,,火,,,金,,月,,,
西成区,玉出中,１丁目,2番,45号,,,水土,,火,,,金,,,月,,,
西成区,玉出中,１丁目,3番,1~3号･5~8号,,,水土,,,火,,,金,,月,,,
西成区,玉出中,１丁目,3番,軽四輪車(小さい車)で収集している地域,,水土,,,,火,,,金,,月,,,
西成区,玉出中,１丁目,3番,上記以外,,,水土,,,火,,,金,,月,,,
西成区,玉出中,１丁目,3番,10号~23号,,,水土,,火,,,金,,,月,,,
西成区,玉出中,１丁目,4番,1号~5号,,,水土,,火,,,金,,,月,,,
西成区,玉出中,１丁目,4番,6号~7号,,,水土,,,火,,,金,,月,,,
西成区,玉出中,１丁目,4番,8号~9号,,水土,,,,火,,,金,,月,,,
西成区,玉出中,１丁目,4番,12号,,水土,,,火,,,金,,,月,,,
西成区,玉出中,１丁目,4番,13~16号･18~20号,,,水土,,火,,,金,,,月,,,
西成区,玉出中,１丁目,4番,軽四輪車(小さい車)で収集している地域,,水土,,,火,,,金,,,月,,,
西成区,玉出中,１丁目,4番,17号,,,水土,,火,,,金,,,月,,,
西成区,玉出中,１丁目,5番,1号~6号,,水土,,,,火,,,金,,月,,,
西成区,玉出中,１丁目,5番,8~11号,,水土,,,火,,,金,,,月,,,
西成区,玉出中,１丁目,5番,12号~17号,,,水土,,火,,,金,,,月,,,
西成区,玉出中,１丁目,5番,18号~31号,,水土,,,火,,,金,,,月,,,
西成区,玉出中,１丁目,6番,1号~15号,,,水土,,火,,,金,,,月,,,
西成区,玉出中,１丁目,6番,17号~24号,,水土,,,,火,,,金,,月,,,
西成区,玉出中,１丁目,6番,25号~30号,,,水土,,,火,,,金,,月,,,
西成区,玉出中,１丁目,7番,1号~2号,,水土,,,火,,,金,,,月,,,
西成区,玉出中,１丁目,7番,上記以外,,,水土,,火,,,金,,,月,,,
西成区,玉出中,１丁目,8番,1号~5号,,水土,,,火,,,金,,,月,,,
西成区,玉出中,１丁目,8番,10号~11号,,水土,,,火,,,金,,,月,,,
西成区,玉出中,１丁目,8番,14号~16号(持出場所),水土,,,,火,,,金,,,月,,,
西成区,玉出中,１丁目,8番,21号~25号,,,水土,,火,,,金,,,月,,,
西成区,玉出中,１丁目,9番,3号~7号(持出場所),水土,,,,火,,,金,,,月,,,
西成区,玉出中,１丁目,9番,8号~11号,,水土,,,火,,,金,,,月,,,
西成区,玉出中,１丁目,9番,12号~21号,,,水土,,火,,,金,,,月,,,
西成区,玉出中,１丁目,10番,4号~6号,,,水土,,火,,,金,,,月,,,
西成区,玉出中,１丁目,10番,9号~13号,,水土,,,火,,,金,,,月,,,
西成区,玉出中,１丁目,11番,2号~4号,,水土,,,,火,,,金,,月,,,
西成区,玉出中,１丁目,11番,5号~17号,,水土,,,火,,,金,,,月,,,
西成区,玉出中,１丁目,11番,21号~23号,,,水土,,火,,,金,,,月,,,
西成区,玉出中,１丁目,12番,,,水土,,,火,,,金,,,月,,,
西成区,玉出中,１丁目,13番,,,水土,,,火,,,金,,,月,,,
西成区,玉出中,１丁目,14番,1号~7号,,,水土,,火,,,金,,,月,,,
西成区,玉出中,１丁目,14番,9号~29号,,水土,,,火,,,金,,,月,,,
西成区,玉出中,１丁目,15番,15号~17号,,,水土,,火,,,金,,,月,,,
西成区,玉出中,１丁目,15番,上記以外,,水土,,,火,,,金,,,月,,,
西成区,玉出中,１丁目,16番,4号リバーガーデン岸里玉出,,,水土,,火,,,金,,,月,,,
西成区,玉出中,１丁目,16番,8号~10号,,水土,,,火,,,金,,,月,,,
西成区,玉出中,２丁目,1番,8号･27号,,水土,,,,火,,,金,,月,,,
西成区,玉出中,２丁目,1番,11号~13号,,水土,,,火,,,金,,,月,,,
西成区,玉出中,２丁目,1番,15号~20号,,,水土,,火,,,金,,,月,,,
西成区,玉出中,２丁目,1番,23号~26号･28号･29号,,水土,,,火,,,金,,,月,,,
西成区,玉出中,２丁目,2番,,,,水土,,火,,,金,,,月,,,
西成区,玉出中,２丁目,3番,4号~12号･31号,,,水土,,火,,,金,,,月,,,
西成区,玉出中,２丁目,3番,13号~28号,,,水土,,,火,,,金,,月,,,
西成区,玉出中,２丁目,3番,30号,,水土,,,火,,,金,,,月,,,
西成区,玉出中,２丁目,4番,2号~12号,,水土,,,,火,,,金,,月,,,
西成区,玉出中,２丁目,4番,15号~26号,,水土,,,火,,,金,,,月,,,
西成区,玉出中,２丁目,5番,,,水土,,,火,,,金,,,月,,,
西成区,玉出中,２丁目,6番,,,水土,,,火,,,金,,,月,,,
西成区,玉出中,２丁目,7番,1号~14号,,水土,,,火,,,金,,,月,,,
西成区,玉出中,２丁目,7番,15号~19号,,水土,,,,火,,,金,,月,,,
西成区,玉出中,２丁目,8番,1号~4号,,,水土,,火,,,金,,,月,,,
西成区,玉出中,２丁目,8番,5号~10号,,水土,,,火,,,金,,,月,,,
西成区,玉出中,２丁目,8番,12号~20号,,水土,,,,火,,,金,,月,,,
西成区,玉出中,２丁目,9番,軽四輪車(小さい車)で収集している地域,,水土,,,,火,,,金,,月,,,
西成区,玉出中,２丁目,9番,上記以外,,,水土,,火,,,金,,,月,,,
西成区,玉出中,２丁目,10番,,,水土,,,火,,,金,,,月,,,
西成区,玉出中,２丁目,10番,10号~14号･16号,,,水土,,火,,,金,,,月,,,
西成区,玉出中,２丁目,11番,27号,,水土,,,火,,,金,,,月,,,
西成区,玉出中,２丁目,11番,上記以外,,,水土,,火,,,金,,,月,,,
西成区,玉出中,２丁目,12番,1号~14号,,,水土,,火,,,金,,,月,,,
西成区,玉出中,２丁目,12番,19号~25号,,水土,,,火,,,金,,,月,,,
西成区,玉出中,２丁目,13番,11号~17号,,,水土,,火,,,金,,,月,,,
西成区,玉出中,２丁目,13番,18号~34号,,水土,,,火,,,金,,,月,,,
西成区,玉出中,２丁目,14番,,,水土,,,火,,,金,,,月,,,
西成区,玉出中,２丁目,15番,,,水土,,,火,,,金,,,月,,,
西成区,玉出中,２丁目,16番,,,水土,,,火,,,金,,,月,,,
西成区,玉出西,１丁目,1番,,,,水土,,火,,,金,,,火,,,
西成区,玉出西,１丁目,2番,,,,水土,,火,,,金,,,火,,,
西成区,玉出西,１丁目,3番,,,,水土,,火,,,金,,,火,,,
西成区,玉出西,１丁目,4番,,,,水土,,火,,,金,,,火,,,
西成区,玉出西,１丁目,5番,,,,水土,,火,,,金,,,火,,,
西成区,玉出西,１丁目,6番,,,,水土,,火,,,金,,,火,,,
西成区,玉出西,１丁目,7番,,,,水土,,火,,,金,,,火,,,
西成区,玉出西,１丁目,8番,,,,水土,,火,,,金,,,火,,,
西成区,玉出西,１丁目,9番,,,,水土,,火,,,金,,,火,,,
西成区,玉出西,１丁目,10番,,,,水土,,火,,,金,,,火,,,
西成区,玉出西,１丁目,11番,,,,水土,,火,,,金,,,,,火,
西成区,玉出西,１丁目,12番,,,,水土,,火,,,金,,,,,火,
西成区,玉出西,１丁目,13番,,,水土,,,火,,,金,,,,,火,
西成区,玉出西,１丁目,14番,,,水土,,,火,,,金,,,,,火,
西成区,玉出西,１丁目,16番,,,水土,,,火,,,金,,,水,,,
西成区,玉出西,１丁目,17番,,,水土,,,火,,,金,,,水,,,
西成区,玉出西,１丁目,18番,,,水土,,,火,,,金,,,水,,,
西成区,玉出西,１丁目,19番,,,水土,,,火,,,金,,,水,,,
西成区,玉出西,１丁目,20番,,,水土,,,火,,,金,,,水,,,
西成区,玉出西,２丁目,1番,,,,月木,,水,,,土,,,水,,,
西成区,玉出西,２丁目,2番,,,,月木,,水,,,土,,,水,,,
西成区,玉出西,２丁目,3番,,,,月木,,水,,,土,,,水,,,
西成区,玉出西,２丁目,4番,1号~11号･28号~30号,,,月木,,水,,,土,,,水,,,
西成区,玉出西,２丁目,4番,14号~27号,,,月木,,,水,,,土,,水,,,
西成区,玉出西,２丁目,5番,,,,月木,,水,,,土,,,水,,,
西成区,玉出西,２丁目,6番,1号~15号,,,月木,,水,,,土,,,水,,,
西成区,玉出西,２丁目,6番,16号~19号,,,月木,,,水,,,土,,水,,,
西成区,玉出西,２丁目,7番,,,,月木,,水,,,土,,,水,,,
西成区,玉出西,２丁目,8番,,,,月木,,水,,,土,,,水,,,
西成区,玉出西,２丁目,9番,,,,月木,,水,,,土,,,水,,,
西成区,玉出西,２丁目,10番,,,,月木,,水,,,土,,,水,,,
西成区,玉出西,２丁目,11番,,,,月木,,水,,,土,,,水,,,
西成区,玉出西,２丁目,12番,,,,月木,,水,,,土,,,水,,,
西成区,玉出西,２丁目,13番,,,,月木,,水,,,土,,,水,,,
西成区,玉出西,２丁目,14番,,,,月木,,水,,,土,,,水,,,
西成区,玉出西,２丁目,15番,,,,月木,,水,,,土,,,水,,,
西成区,玉出西,２丁目,16番,,,,月木,,水,,,土,,,水,,,
西成区,玉出西,２丁目,17番,,,,月木,,水,,,土,,,水,,,
西成区,玉出西,２丁目,18番,,,,月木,,水,,,土,,,水,,,
西成区,玉出西,２丁目,19番,,,,月木,,水,,,土,,,水,,,
西成区,玉出西,２丁目,20番,24号･53号~70号,,,月木,,水,,,,土,,水,,,
西成区,玉出西,２丁目,20番,4号･52号,,,月木,,,水,,土,,,水,,,
西成区,北開,１丁目,,,,,火金,,月,,,木,,,木,,,
西成区,北開,２丁目,,,,,火金,,月,,,木,,,木,,,
西成区,中開,１丁目,,,,,火金,,月,,,木,,,木,,,
西成区,中開,２丁目,,,,,火金,,月,,,木,,,木,,,
西成区,中開,３丁目,,,,,火金,,月,,,木,,,木,,,
西成区,南開,１丁目,,,,,火金,,月,,,木,,,木,,,
西成区,南開,２丁目,1番,,,,火金,,月,,,木,,,木,,,
西成区,南開,２丁目,2番,,,,火金,,月,,,木,,,木,,,
西成区,南開,２丁目,3番,,,,火金,,月,,,木,,,木,,,
西成区,南開,２丁目,4番,,,,火金,,月,,,木,,,木,,,
西成区,南開,２丁目,5番,,,,火金,,月,,,木,,,木,,,
西成区,南開,２丁目,6番,1号~12号,,,火金,,月,,,木,,,木,,,
西成区,南開,２丁目,6番,13号~18号,,,火金,,,月,,,木,,木,,,
西成区,出城,１丁目,,,,,火金,,月,,,木,,,木,,,
西成区,出城,２丁目,,,,,火金,,月,,,木,,,木,,,
西成区,出城,３丁目,,,,,火金,,月,,,木,,,木,,,
西成区,長橋,１丁目,,,,火金,,,月,,,木,,,木,,,
西成区,長橋,２丁目,6番,15号･16号･19号,,,火金,,月,,,木,,,木,,,
西成区,長橋,２丁目,6番,軽四輪車(小さい車)で収集している地域,,,火金,,月,,,木,,,木,,,
西成区,長橋,２丁目,6番,上記以外,,火金,,,月,,,木,,,木,,,
西成区,長橋,２丁目,上記以外,,,火金,,,月,,,木,,,木,,,
西成区,長橋,３丁目,1番,22号,,,火金,,月,,,木,,,木,,,
西成区,長橋,３丁目,1番,上記以外,,火金,,,月,,,木,,,木,,,
西成区,長橋,３丁目,2番,7号~29号,火金,,,,月,,,木,,,木,,,
西成区,長橋,３丁目,2番,13号･14号,,,火金,,月,,,木,,,木,,,
西成区,長橋,３丁目,2番,軽四輪車(小さい車)で収集している地域,,,火金,,月,,,木,,,木,,,
西成区,長橋,３丁目,2番,上記以外,,火金,,,月,,,木,,,木,,,
西成区,長橋,３丁目,3番,軽四輪車(小さい車)で収集している地域,,,火金,,月,,,木,,,木,,,
西成区,長橋,３丁目,3番,上記以外,,火金,,,月,,,木,,,木,,,
西成区,長橋,３丁目,4番,軽四輪車(小さい車)で収集している地域,,,火金,,月,,,木,,,木,,,
西成区,長橋,３丁目,4番,上記以外,,火金,,,月,,,木,,,木,,,
西成区,長橋,３丁目,5番,軽四輪車(小さい車)で収集している地域,,,火金,,月,,,木,,,木,,,
西成区,長橋,３丁目,5番,上記以外,,火金,,,月,,,木,,,木,,,
西成区,長橋,３丁目,6番,軽四輪車(小さい車)で収集している地域,,,火金,,月,,,木,,,木,,,
西成区,長橋,３丁目,6番,上記以外,,火金,,,月,,,木,,,木,,,
西成区,長橋,３丁目,7番,軽四輪車(小さい車)で収集している地域,,,火金,,月,,,木,,,木,,,
西成区,長橋,３丁目,7番,上記以外,,火金,,,月,,,木,,,木,,,
西成区,長橋,３丁目,8番,軽四輪車(小さい車)で収集している地域,,,火金,,月,,,木,,,木,,,
西成区,長橋,３丁目,8番,上記以外,,火金,,,月,,,木,,,木,,,
西成区,長橋,３丁目,10番,軽四輪車(小さい車)で収集している地域,,,火金,,月,,,木,,,木,,,
西成区,長橋,３丁目,10番,上記以外,,火金,,,月,,,木,,,木,,,
西成区,鶴見橋,１丁目,,,,火金,,,月,,,木,,,木,,,
西成区,鶴見橋,２丁目,11番･12番,軽四輪車(小さい車)で収集している地域,,,火金,,月,,,木,,,木,,,
西成区,鶴見橋,２丁目,11番･12番,上記以外,,火金,,,月,,,木,,,木,,,
西成区,鶴見橋,２丁目,上記以外,,,火金,,,月,,,木,,,木,,,
西成区,鶴見橋,３丁目,1番,軽四輪車(小さい車)で収集している地域,,,火金,,月,,,木,,,木,,,
西成区,鶴見橋,３丁目,1番,上記以外,,火金,,,月,,,木,,,木,,,
西成区,鶴見橋,３丁目,2番,,,火金,,,月,,,木,,,木,,,
西成区,鶴見橋,３丁目,3番,,,火金,,,月,,,木,,,木,,,
西成区,鶴見橋,３丁目,4番,,,火金,,,月,,,木,,,木,,,
西成区,鶴見橋,３丁目,5番,,,火金,,,月,,,木,,,木,,,
西成区,鶴見橋,３丁目,6番,軽四輪車(小さい車)で収集している地域,,,火金,,月,,,木,,,木,,,
西成区,鶴見橋,３丁目,6番,上記以外,,火金,,,月,,,木,,,木,,,
西成区,鶴見橋,３丁目,7番,軽四輪車(小さい車)で収集している地域,,,火金,,月,,,木,,,木,,,
西成区,鶴見橋,３丁目,7番,上記以外,,火金,,,月,,,木,,,木,,,
西成区,鶴見橋,３丁目,8番,軽四輪車(小さい車)で収集している地域,,,火金,,月,,,木,,,木,,,
西成区,鶴見橋,３丁目,8番,上記以外,,火金,,,月,,,木,,,木,,,
西成区,鶴見橋,３丁目,9番,軽四輪車(小さい車)で収集している地域,,,火金,,月,,,木,,,木,,,
西成区,鶴見橋,３丁目,9番,上記以外,,火金,,,月,,,木,,,木,,,
西成区,鶴見橋,３丁目,10番,軽四輪車(小さい車)で収集している地域,,,火金,,月,,,木,,,木,,,
西成区,鶴見橋,３丁目,10番,上記以外,,火金,,,月,,,木,,,木,,,
西成区,旭,１丁目,,,,火金,,,月,,,木,,,木,,,
西成区,旭,２丁目,1番,1号~20号･25号~28号,,火金,,,月,,,木,,,木,,,
西成区,旭,２丁目,1番,21号~24号,,火金,,,,月,,,木,,木,,,
西成区,旭,２丁目,2番,1号~25号,,火金,,,,月,,,木,,木,,,
西成区,旭,２丁目,2番,26号･27号,,火金,,,月,,,木,,,木,,,
西成区,旭,２丁目,3番,,,火金,,,月,,,木,,,木,,,
西成区,旭,２丁目,4番,1号~3号,,火金,,,,月,,,木,,木,,,
西成区,旭,２丁目,4番,4号~24号,,火金,,,月,,,木,,,木,,,
西成区,旭,２丁目,5番,,,火金,,,月,,,木,,,木,,,
西成区,旭,２丁目,6番,1号~8号･14号~23号,,火金,,,月,,,木,,,木,,,
西成区,旭,２丁目,6番,9号~13号,,火金,,,,月,,,木,,木,,,
西成区,旭,２丁目,7番,,,火金,,,月,,,木,,,木,,,
西成区,旭,２丁目,8番,,,火金,,,月,,,木,,,木,,,
西成区,旭,３丁目,1番,,,火金,,,月,,,木,,,木,,,
西成区,旭,３丁目,2番,,,火金,,,月,,,木,,,木,,,
西成区,旭,３丁目,3番,,,火金,,,月,,,木,,,木,,,
西成区,旭,３丁目,4番,,,火金,,,月,,,木,,,木,,,
西成区,旭,３丁目,5番,,,火金,,,月,,,木,,,木,,,
西成区,旭,３丁目,6番,25号･32号,,,火金,,月,,,木,,,木,,,
西成区,旭,３丁目,6番,上記以外,,火金,,,月,,,木,,,木,,,
西成区,旭,３丁目,7番,,,火金,,,月,,,木,,,木,,,
西成区,旭,３丁目,8番,,,火金,,,月,,,木,,,木,,,
西成区,梅南,１丁目,1番,,,火金,,,月,,,木,,,月,,,
西成区,梅南,１丁目,2番,,,火金,,,月,,,木,,,月,,,
西成区,梅南,１丁目,3番,1号~16号･28号~31号,,火金,,,月,,,木,,,月,,,
西成区,梅南,１丁目,3番,18号~26号,,,火金,,,月,,,木,,,月,,
西成区,梅南,１丁目,4番,19号,,,火金,,月,,,木,,,月,,,
西成区,梅南,１丁目,4番,上記以外,,火金,,,月,,,木,,,月,,,
西成区,梅南,１丁目,5番,1号~11号,,,火金,,,月,,,木,,,月,,
西成区,梅南,１丁目,5番,12号~17号,,火金,,,月,,,木,,,月,,,
西成区,梅南,１丁目,5番,18号~27号,,,火金,,月,,,木,,,月,,,
西成区,梅南,１丁目,5番,28号~34号,,火金,,,月,,,木,,,月,,,
西成区,梅南,１丁目,6番,1号~11号,,,火金,,月,,,木,,,月,,,
西成区,梅南,１丁目,6番,12号~19号,,火金,,,月,,,木,,,月,,,
西成区,梅南,１丁目,6番,20号~27号,,,火金,,,月,,,木,,,月,,
西成区,梅南,１丁目,6番,28号~29号,,火金,,,月,,,木,,,月,,,
西成区,梅南,１丁目,6番,30号~33号,,火金,,,月,,,木,,,月,,,
西成区,梅南,１丁目,7番,12号･26号,,,火金,,,月,,,木,,,月,,
西成区,梅南,１丁目,7番,上記以外,,火金,,,月,,,木,,,月,,,
西成区,梅南,１丁目,8番,2号~10号,,,火金,,,月,,,木,,,月,,
西成区,梅南,１丁目,8番,12号~30号,,火金,,,月,,,木,,,月,,,
西成区,梅南,２丁目,1番,,,火金,,,月,,,木,,,月,,,
西成区,梅南,２丁目,2番,,,火金,,,月,,,木,,,月,,,
西成区,梅南,２丁目,3番,1号~14号,,火金,,,月,,,木,,,月,,,
西成区,梅南,２丁目,3番,15号,,,火金,,,月,,,木,,,月,,
西成区,梅南,２丁目,3番,16号~33号,,火金,,,月,,,木,,,月,,,
西成区,梅南,２丁目,4番,,,火金,,,月,,,木,,,月,,,
西成区,梅南,２丁目,5番,1号~14号,,火金,,,月,,,木,,,月,,,
西成区,梅南,２丁目,5番,15号･16号･18号,,火金,,,月,,,木,,,,月,,
西成区,梅南,２丁目,5番,19号~44号,,火金,,,月,,,木,,,月,,,
西成区,梅南,３丁目,1番,,,火金,,,月,,,木,,,月,,,
西成区,梅南,３丁目,2番,,,火金,,,月,,,木,,,月,,,
西成区,梅南,３丁目,3番,,,火金,,,月,,,木,,,月,,,
西成区,梅南,３丁目,4番,,,火金,,,月,,,木,,,月,,,
西成区,梅南,３丁目,5番,,,火金,,,月,,,木,,,月,,,
西成区,梅南,３丁目,6番,,,火金,,,月,,,木,,,月,,,
西成区,梅南,３丁目,7番,28号･30号･32号,,火金,,,月,,,木,,,月,,,
西成区,梅南,３丁目,7番,上記以外,,火金,,,,月,,,木,,月,,,
西成区,梅南,３丁目,8番,,,火金,,,月,,,木,,,月,,,
西成区,梅南,３丁目,9番,,,火金,,,,月,,,木,,月,,,
西成区,松,１丁目,1番,,,火金,,,月,,,木,,,月,,,
西成区,松,１丁目,2番,,,火金,,,月,,,木,,,月,,,
西成区,松,１丁目,3番,18号~21号,,,火金,,月,,,木,,,月,,,
西成区,松,１丁目,3番,上記以外,,火金,,,月,,,木,,,月,,,
西成区,松,１丁目,4番,1号~14号･23号~30号,,火金,,,月,,,木,,,月,,,
西成区,松,１丁目,4番,17号~22号,,火金,,,,月,,,木,,,月,,
西成区,松,１丁目,5番,1号~11号,,火金,,,,月,,,木,,,月,,
西成区,松,１丁目,5番,24号~27号,,,火金,,月,,,木,,,月,,,
西成区,松,１丁目,5番,30号~36号,,火金,,,月,,,木,,,月,,,
西成区,松,１丁目,6番,3号~5号,,火金,,,月,,,木,,,月,,,
西成区,松,１丁目,6番,6号~11号,,,火金,,月,,,木,,,月,,,
西成区,松,１丁目,6番,13号~18号,,火金,,,月,,,木,,,月,,,
西成区,松,１丁目,6番,21号~27号,,,火金,,月,,,木,,,月,,,
西成区,松,１丁目,6番,31号~33号,,火金,,,月,,,木,,,月,,,
西成区,松,１丁目,7番,1号~19号･26号~29号,,火金,,,月,,,木,,,月,,,
西成区,松,１丁目,7番,20号~25号,,,火金,,,月,,,木,,月,,,
西成区,松,１丁目,8番,1号~11号,,,火金,,月,,,木,,,月,,,
西成区,松,１丁目,8番,13号~17号,,火金,,,月,,,木,,,月,,,
西成区,松,１丁目,8番,19号~25号,,,火金,,,月,,,木,,,月,,
西成区,松,１丁目,8番,26号~34号,,火金,,,月,,,木,,,月,,,
西成区,松,１丁目,9番,1号~11号･19号(軽四輪車(小さい車)で収集している地域),,,火金,,,月,,,木,,,月,,
西成区,松,１丁目,9番,1号~11号･19号,,火金,,,,月,,,木,,,月,,
西成区,松,１丁目,9番,12号~18号･20号~29号,,火金,,,月,,,木,,,月,,,
西成区,松,１丁目,10番,1号~9号･29号,,,火金,,,月,,,木,,,月,,
西成区,松,１丁目,10番,10号~28号･30号,,火金,,,月,,,木,,,月,,,
西成区,松,２丁目,1番,1号~15号･18号,,火金,,,月,,,木,,,月,,,
西成区,松,２丁目,1番,17号,,,火金,,月,,,木,,,月,,,
西成区,松,２丁目,1番,30号~36号,,火金,,,月,,,木,,,月,,,
西成区,松,２丁目,1番,20号~27号,,,火金,,,月,,,木,,月,,,
西成区,松,２丁目,2番,1号~4号,,火金,,,月,,,木,,,月,,,
西成区,松,２丁目,2番,6号~15号,,火金,,,,月,,,木,,,月,,
西成区,松,２丁目,3番,1号~4号,,火金,,,月,,,木,,,月,,,
西成区,松,２丁目,3番,5号,,火金,,,月,,,木,,,,月,,
西成区,松,２丁目,3番,6号~32号,,火金,,,月,,,木,,,月,,,
西成区,松,２丁目,3番,33号~43号,,火金,,,,月,,,木,,月,,,
西成区,松,２丁目,4番,1号~11号,,,火金,,,月,,,木,,,月,,
西成区,松,２丁目,4番,12号~28号,,火金,,,月,,,木,,,月,,,
西成区,松,２丁目,5番,,,火金,,,月,,,木,,,月,,,
西成区,松,２丁目,6番,2号~5号,,火金,,,,月,,,木,,月,,,
西成区,松,２丁目,6番,6号~44号,,火金,,,月,,,木,,,月,,,
西成区,松,２丁目,7番,,,火金,,,月,,,木,,,月,,,
西成区,松,２丁目,8番,1号~6号･19号~30号,,火金,,,月,,,木,,,月,,,
西成区,松,２丁目,8番,8号~16号･31号~35号,,火金,,,,月,,,木,,月,,,
西成区,松,２丁目,9番,1号~10号,,火金,,,月,,,木,,,月,,,
西成区,松,２丁目,9番,12号~20号,,火金,,,,月,,,木,,,月,,
西成区,松,３丁目,1番,,,火金,,,月,,,木,,,月,,,
西成区,松,３丁目,2番,,,火金,,,月,,,木,,,月,,,
西成区,松,３丁目,3番,,,火金,,,月,,,木,,,月,,,
西成区,松,３丁目,4番,,,火金,,,月,,,木,,,月,,,
西成区,松,３丁目,5番,,,火金,,,月,,,木,,,月,,,
西成区,松,３丁目,6番,1号~15号,,火金,,,月,,,木,,,月,,,
西成区,松,３丁目,6番,16号~21号,,火金,,,,月,,,木,,月,,,
西成区,松,３丁目,7番,1号~7号,,火金,,,,月,,,木,,月,,,
西成区,松,３丁目,7番,11号~12号,,火金,,,,月,,,木,,月,,,
西成区,松,３丁目,7番,9号･20号~27号,,,火金,,,月,,,木,,月,,,
西成区,松,３丁目,7番,28号~32号,,火金,,,月,,,木,,,月,,,
西成区,松,３丁目,8番,,,火金,,,月,,,木,,,月,,,
西成区,松,３丁目,9番,15号~20号･26号,,火金,,,月,,,木,,,月,,,
西成区,松,３丁目,9番,22号~25号･27~31号,,,火金,,月,,,木,,,月,,,
西成区,松,３丁目,10番,1号~6号,,,火金,,月,,,木,,,月,,,
西成区,松,３丁目,10番,9号~14号,,火金,,,月,,,木,,,月,,,
西成区,松,３丁目,10番,16号~24号,,,火金,,月,,,木,,,月,,,
西成区,松,３丁目,10番,26号~28号,,火金,,,月,,,木,,,月,,,
西成区,松,３丁目,11番,1号~11号,,,火金,,月,,,木,,,月,,,
西成区,松,３丁目,11番,上記以外,,火金,,,月,,,木,,,月,,,
西成区,松,３丁目,12番,,,,火金,,月,,,木,,,月,,,
西成区,橘,１丁目,1番,,,火金,,,月,,,木,,,月,,,
西成区,橘,１丁目,2番,1号~3号,,火金,,,月,,,木,,,月,,,
西成区,橘,１丁目,2番,5号~17号,,,火金,,月,,,木,,,月,,,
西成区,橘,１丁目,2番,18号~27号,,火金,,,月,,,木,,,月,,,
西成区,橘,１丁目,3番,2号~6号,,火金,,,月,,,木,,,月,,,
西成区,橘,１丁目,3番,9号~21号,,,火金,,月,,,木,,,月,,,
西成区,橘,１丁目,4番,1号~11号･16号~24号,,,火金,,月,,,木,,,月,,,
西成区,橘,１丁目,4番,12号~15号,,,火金,,,月,,,木,,月,,,
西成区,橘,１丁目,5番,1号~7号,,,火金,,月,,,木,,,月,,,
西成区,橘,１丁目,5番,8号~10号,,火金,,,月,,,木,,,月,,,
西成区,橘,１丁目,5番,12号~19号,,,火金,,,月,,,木,,,月,,
西成区,橘,１丁目,6番,1号~15号,,,火金,,月,,,木,,,月,,,
西成区,橘,１丁目,6番,16号~22号,,,火金,,月,,,木,,,,月,,
西成区,橘,１丁目,7番,1号~12号,,,火金,,月,,,木,,,,月,,
西成区,橘,１丁目,7番,13号~24号,,火金,,,月,,,木,,,月,,,
西成区,橘,１丁目,7番,26号~28号,,,火金,,月,,,木,,,月,,,
西成区,橘,１丁目,9番,,,,火金,,月,,,木,,,,月,,
西成区,橘,１丁目,10番,,,,火金,,月,,,木,,,,月,,
西成区,橘,１丁目,11番,5号~13号,,,火金,,月,,,木,,,,月,,
西成区,橘,１丁目,11番,14号~28号,,火金,,,月,,,木,,,月,,,
西成区,橘,１丁目,11番,28号グレーシア橘,,,火金,,月,,,木,,,月,,,
西成区,橘,１丁目,12番,3号~7号,,,火金,,月,,,木,,,,月,,
西成区,橘,１丁目,12番,8号~19号,,火金,,,月,,,木,,,月,,,
西成区,橘,１丁目,12番,21号~24号,,,火金,,月,,,木,,,月,,,
西成区,橘,１丁目,13番,8号･20号,,,火金,,月,,,木,,,月,,,
西成区,橘,１丁目,13番,上記以外,,火金,,,月,,,木,,,月,,,
西成区,橘,２丁目,1番,,,火金,,,月,,,木,,,月,,,
西成区,橘,２丁目,2番,1号~3号･15号~26号,,火金,,,月,,,木,,,月,,,
西成区,橘,２丁目,2番,4号~12号,,火金,,,,月,,,木,,,月,,
西成区,橘,２丁目,3番,1号~2号,,火金,,,月,,,木,,,月,,,
西成区,橘,２丁目,3番,3号~25号,,火金,,,,月,,,木,,月,,,
西成区,橘,２丁目,4番,1号~16号,,火金,,,月,,,木,,,月,,,
西成区,橘,２丁目,4番,20号~31号,,火金,,,,月,,,木,,月,,,
西成区,橘,２丁目,5番,,,火金,,,月,,,木,,,月,,,
西成区,橘,２丁目,6番,1号~14号･26号~28号,,火金,,,月,,,木,,,月,,,
西成区,橘,２丁目,6番,18号~24号,,火金,,,,月,,,木,,月,,,
西成区,橘,２丁目,7番,1号~10号･16号~23号,,火金,,,,月,,,木,,月,,,
西成区,橘,２丁目,7番,12号~15号･26号~28号,,火金,,,月,,,木,,,月,,,
西成区,橘,２丁目,8番,1号~17号,,火金,,,,月,,,木,,月,,,
西成区,橘,２丁目,8番,20号~22号,,火金,,,月,,,木,,,月,,,
西成区,橘,２丁目,9番,,,火金,,,月,,,木,,,月,,,
西成区,橘,３丁目,1番,,,火金,,,月,,,木,,,月,,,
西成区,橘,３丁目,2番,,,火金,,,月,,,木,,,月,,,
西成区,橘,３丁目,3番,,,火金,,,月,,,木,,,月,,,
西成区,橘,３丁目,4番,1号~7号,,火金,,,月,,,木,,,月,,,
西成区,橘,３丁目,4番,8号~15号,,火金,,,,月,,,木,,月,,,
西成区,橘,３丁目,5番,13号,,火金,,,月,,,木,,,月,,,
西成区,橘,３丁目,5番,14号~19号,,水土,,,月,,,木,,,,,月,
西成区,橘,３丁目,5番,21号･22号,,火金,,,,月,,,木,,,,月,
西成区,橘,３丁目,5番,23号~29号,,火金,,,,月,,,木,,月,,,
西成区,橘,３丁目,6番,,,火金,,,月,,,木,,,月,,,
西成区,橘,３丁目,7番,,,火金,,,月,,,木,,,月,,,
西成区,橘,３丁目,8番,1号~11号,,火金,,,,月,,,木,,月,,,
西成区,橘,３丁目,8番,13号~21号,,火金,,,月,,,木,,,月,,,
西成区,橘,３丁目,9番,1号~15号･20号~26号,,火金,,,月,,,木,,,月,,,
西成区,橘,３丁目,9番,16号~19号,,火金,,,,月,,,木,,月,,,
西成区,橘,３丁目,10番,1号~16号,,火金,,,月,,,木,,,月,,,
西成区,橘,３丁目,10番,17号~25号,,火金,,,,月,,,木,,月,,,
西成区,橘,３丁目,11番,1号~10号,,火金,,,,月,,,木,,月,,,
西成区,橘,３丁目,11番,12号~22号,,火金,,,月,,,木,,,月,,,
西成区,橘,３丁目,12番,1号･34号~37号,,火金,,,月,,,木,,,月,,,
西成区,橘,３丁目,12番,2号~33号,,火金,,,,月,,,木,,月,,,
西成区,橘,３丁目,13番,2号,,火金,,,月,,,木,,,,,月,
西成区,橘,３丁目,13番,3号~8号,,水土,,,月,,,木,,,,,月,
西成区,橘,３丁目,13番,9号~13号,,水土,,,月,,,木,,,月,,,
西成区,橘,３丁目,13番,15号~16号,,,火金,,月,,,木,,,月,,,
西成区,橘,３丁目,13番,17号~23号,,火金,,,,月,,,木,,月,,,
西成区,橘,３丁目,13番,24号~28号,,火金,,,,月,,,木,,,,月,
西成区,橘,３丁目,14番,1号~2号･15号,,,火金,,月,,,木,,,月,,,
西成区,橘,３丁目,14番,3号~13号,,,水土,,月,,,木,,,月,,,
西成区,橘,３丁目,14番,17号~23号,,火金,,,,月,,,木,,月,,,
西成区,橘,３丁目,15番,1号~2号,,,火金,,月,,,木,,,月,,,
西成区,橘,３丁目,15番,3号~11号,,火金,,,,月,,,木,,月,,,
西成区,橘,３丁目,15番,12号~13号,,,火金,,月,,,木,,,月,,,
西成区,橘,３丁目,15番,15号~20号,,火金,,,,月,,,木,,月,,,
西成区,橘,３丁目,16番,1号~3号,,,火金,,月,,,木,,,月,,,
西成区,橘,３丁目,16番,14号~23号,,火金,,,,月,,,木,,月,,,
西成区,橘,３丁目,17番,1号~3号,,,火金,,月,,,木,,,月,,,
西成区,橘,３丁目,17番,4号(持出場所),火金,,,,月,,,木,,,月,,,
西成区,橘,３丁目,17番,5号~10号,,火金,,,,月,,,木,,月,,,
西成区,橘,３丁目,17番,13号,,,火金,,月,,,木,,,月,,,
西成区,橘,３丁目,17番,14号~24号,,火金,,,月,,,木,,,月,,,
西成区,橘,３丁目,18番,4号~12号,,,火金,,月,,,木,,,月,,,
西成区,橘,３丁目,18番,13号~20号,,火金,,,月,,,木,,,月,,,
西成区,橘,３丁目,18番,22号~30号,,,火金,,月,,,木,,,月,,,
西成区,橘,３丁目,18番,32号~37号,,火金,,,月,,,木,,,月,,,
西成区,橘,３丁目,20番,11号~12号,,,水土,,月,,,木,,,月,,,
西成区,橘,３丁目,20番,上記以外,,火金,,,月,,,木,,,月,,,
西成区,潮路,１丁目,1番,,,,火金,,月,,,木,,,月,,,
西成区,潮路,１丁目,2番,1号~8号,,,火金,,月,,,木,,,月,,,
西成区,潮路,１丁目,2番,9号,,,火金,,月,,,木,,,,月,,
西成区,潮路,１丁目,2番,10号~29号,,,火金,,月,,,木,,,月,,,
西成区,潮路,１丁目,2番,30号,,,火金,,月,,,木,,,,月,,
西成区,潮路,１丁目,2番,31号~33号,,,火金,,月,,,木,,,月,,,
西成区,潮路,１丁目,3番,1号~6号,,,火金,,月,,,木,,,月,,,
西成区,潮路,１丁目,3番,7号,,,火金,,月,,,木,,,,月,,
西成区,潮路,１丁目,3番,8号~11号,,,火金,,月,,,木,,,月,,,
西成区,潮路,１丁目,3番,12号~14号,,,火金,,月,,,木,,,,月,,
西成区,潮路,１丁目,3番,15号~28号,,,火金,,月,,,木,,,月,,,
西成区,潮路,１丁目,5番,,,,火金,,月,,,木,,,月,,,
西成区,潮路,１丁目,6番,,,,火金,,月,,,木,,,月,,,
西成区,潮路,１丁目,7番,,,,火金,,月,,,木,,,月,,,
西成区,潮路,１丁目,8番,,,,火金,,月,,,木,,,月,,,
西成区,潮路,１丁目,9番,,,,火金,,月,,,木,,,月,,,
西成区,潮路,１丁目,10番,,,,火金,,月,,,木,,,月,,,
西成区,潮路,２丁目,1番,2号~6号,,,火金,,月,,,木,,,月,,,
西成区,潮路,２丁目,1番,7号~16号,,,火金,,,月,,,木,,,月,,
西成区,潮路,２丁目,1番,17号~33号,,,火金,,月,,,木,,,月,,,
西成区,潮路,２丁目,2番,1号~3号･5号~14号,,,火金,,,月,,,木,,,月,,
西成区,潮路,２丁目,2番,4号,,,火金,,月,,,木,,,月,,,
西成区,潮路,２丁目,3番,1号~10号･17号~19号,,,火金,,,月,,,木,,,月,,
西成区,潮路,２丁目,3番,11号~16号,,,火金,,月,,,木,,,,月,,
西成区,潮路,２丁目,4番,1号~13号,,,火金,,月,,,木,,,月,,,
西成区,潮路,２丁目,4番,14号･15号,,,火金,,,月,,,木,,,月,,
西成区,潮路,２丁目,4番,16号,,,火金,,,月,,,木,,月,,,
西成区,潮路,２丁目,4番,17号･18号,,,火金,,,月,,,木,,,月,,
西成区,潮路,２丁目,4番,19号~20号,,,火金,,月,,,木,,,月,,,
西成区,潮路,２丁目,4番,21号~29号,,火金,,,月,,,木,,,月,,,
西成区,潮路,２丁目,4番,30号~39号,,,火金,,月,,,木,,,月,,,
西成区,潮路,２丁目,4番,40号,,,火金,,,月,,,木,,,月,,
西成区,潮路,２丁目,5番,,,,火金,,,月,,,木,,,月,,
西成区,潮路,２丁目,6番,1号,,,火金,,月,,,木,,,月,,,
西成区,潮路,２丁目,6番,2号~22号,,,火金,,,月,,,木,,,月,,
西成区,潮路,２丁目,7番,1号~2号,,,火金,,月,,,木,,,月,,,
西成区,潮路,２丁目,7番,3号~16号,,,火金,,,月,,,木,,,月,,
西成区,潮路,２丁目,8番,1号~8号･16号~18号,,,火金,,,月,,,木,,,月,,
西成区,潮路,２丁目,8番,9号~15号,,,火金,,月,,,木,,,,月,,
西成区,潮路,２丁目,9番,1号~4号,,,火金,,月,,,木,,,月,,,
西成区,潮路,２丁目,9番,5号~18号,,,火金,,,月,,,木,,,月,,
西成区,潮路,２丁目,10番,1号~4号,,,火金,,月,,,木,,,月,,,
西成区,潮路,２丁目,10番,5号~18号,,,火金,,,月,,,木,,,月,,
西成区,潮路,２丁目,11番,1号~4号･19号~21号,,,火金,,,月,,,木,,,月,,
西成区,潮路,２丁目,11番,5号~18号,,,火金,,月,,,木,,,,月,,
西成区,潮路,２丁目,12番,,,,火金,,月,,,木,,,,月,,
西成区,潮路,２丁目,13番,,,,火金,,月,,,木,,,,月,,
西成区,潮路,２丁目,14番,,,,火金,,月,,,木,,,,月,,
西成区,潮路,２丁目,15番,1号~18号,,,火金,,月,,,木,,,月,,,
西成区,潮路,２丁目,15番,19号~22号,,,火金,,,月,,,木,,,月,,
西成区,潮路,２丁目,16番,1号~3号,,,火金,,月,,,木,,,月,,,
西成区,潮路,２丁目,16番,5号~12号,,,火金,,,月,,,木,,月,,,
西成区,潮路,２丁目,16番,13号~18号,,,火金,,月,,,木,,,,月,,
西成区,潮路,２丁目,17番,1号~9号,,,火金,,月,,,木,,,月,,,
西成区,潮路,２丁目,17番,10号~25号,,,火金,,,月,,,木,,,月,,
西成区,千本北,１丁目,1番,,,水土,,,火,,,金,,,,,火,
西成区,千本北,１丁目,2番,,,水土,,,火,,,金,,,,,火,
西成区,千本北,１丁目,3番,,,水土,,,火,,,金,,,,,火,
西成区,千本北,１丁目,4番,1号~8号,,水土,,,,火,,,金,,,,火,
西成区,千本北,１丁目,4番,上記以外,,水土,,,火,,,金,,,,,火,
西成区,千本北,１丁目,5番,,,水土,,,火,,,金,,,,,火,
西成区,千本北,１丁目,6番,,,,水土,,,火,,,金,,,,火,
西成区,千本北,１丁目,7番,,,水土,,,火,,,金,,,,,火,
西成区,千本北,１丁目,8番,軽四輪車(小さい車)で収集している地域,,,水土,,火,,,金,,,,,火,
西成区,千本北,１丁目,8番,上記以外,,水土,,,火,,,金,,,,,火,
西成区,千本北,１丁目,9番,1号~11号(軽四輪車(小さい車)で収集している地域),,,水土,,,火,,,金,,,,火,
西成区,千本北,１丁目,9番,1号~11号　上記以外,,水土,,,,火,,,金,,,,火,
西成区,千本北,１丁目,9番,13号~35号(軽四輪車(小さい車)で収集している地域),,,水土,,火,,,金,,,,,火,
西成区,千本北,１丁目,9番,13号~35号　上記以外,,水土,,,火,,,金,,,,,火,
西成区,千本北,１丁目,10番,1号~11号,,,水土,,火,,,金,,,,,火,
西成区,千本北,１丁目,10番,13号~30号,,水土,,,火,,,金,,,,,火,
西成区,千本北,１丁目,11番,,,水土,,,火,,,金,,,,,火,
西成区,千本北,１丁目,12番,,,水土,,,火,,,金,,,,,火,
西成区,千本北,１丁目,13番,,,水土,,,火,,,金,,,,,火,
西成区,千本北,１丁目,14番,,,水土,,,火,,,金,,,,,火,
西成区,千本北,１丁目,15番,軽四輪車(小さい車)で収集している地域,,,水土,,火,,,金,,,,,火,
西成区,千本北,１丁目,15番,上記以外,,水土,,,火,,,金,,,,,火,
西成区,千本北,１丁目,16番,1号~7号(軽四輪車(小さい車)で収集している地域),,,水土,,,火,,,金,,火,,,
西成区,千本北,１丁目,16番,1号~7号　上記以外,,水土,,,,火,,,金,,火,,,
西成区,千本北,１丁目,16番,8号~17号(軽四輪車(小さい車)で収集している地域),,,水土,,火,,,金,,,火,,,
西成区,千本北,１丁目,16番,8号~17号　上記以外,,水土,,,火,,,金,,,火,,,
西成区,千本北,１丁目,17番,1号~8号･16号~23号(軽四輪車(小さい車)で収集している地域),,,水土,,,火,,,金,,火,,,
西成区,千本北,１丁目,17番,1号~8号･16号~23号　上記以外,,水土,,,,火,,,金,,火,,,
西成区,千本北,１丁目,17番,11号~15号(軽四輪車(小さい車)で収集している地域),,,水土,,火,,,金,,,火,,,
西成区,千本北,１丁目,17番,11号~15号　上記以外,,水土,,,火,,,金,,,火,,,
西成区,千本北,１丁目,18番,10号~13号,,,水土,,,火,,,金,,火,,,
西成区,千本北,１丁目,18番,上記以外,,,水土,,,火,,,金,,,,火,
西成区,千本北,１丁目,19番,,,,水土,,,火,,,金,,火,,,
西成区,千本北,１丁目,20番,軽四輪車(小さい車)で収集している地域,,,水土,,,火,,,金,,火,,,
西成区,千本北,１丁目,20番,上記以外,,水土,,,,火,,,金,,火,,,
西成区,千本北,２丁目,1番,1号~13号,,水土,,,,火,,,金,,,,火,
西成区,千本北,２丁目,1番,17号~23号,,,水土,,,火,,,金,,,,火,
西成区,千本北,２丁目,1番,24号~32号,,水土,,,火,,,金,,,,,火,
西成区,千本北,２丁目,2番,3号･12号,,水土,,,,火,,,金,,火,,,
西成区,千本北,２丁目,2番,4号~10号,,,水土,,,火,,,金,,火,,,
西成区,千本北,２丁目,2番,13号~19号,,水土,,,火,,,金,,,火,,,
西成区,千本北,２丁目,3番,1号~8号･14号~18号,,,水土,,,火,,,金,,,,火,
西成区,千本北,２丁目,3番,10号~12号,,,水土,,火,,,金,,,,,火,
西成区,千本北,２丁目,4番,1号~11号･20号~23号,,,水土,,,火,,,金,,,,火,
西成区,千本北,２丁目,4番,12号~16号,,,水土,,火,,,金,,,,,火,
西成区,千本北,２丁目,5番,1号~9号,,,水土,,火,,,金,,,,,火,
西成区,千本北,２丁目,5番,10号~11号･20号~21号,,,水土,,,火,,,金,,,,火,
西成区,千本北,２丁目,5番,13号~19号,,水土,,,,火,,,金,,,,火,
西成区,千本北,２丁目,6番,,,,水土,,火,,,金,,,火,,,
西成区,千本北,２丁目,7番,軽四輪車(小さい車)で収集している地域,,水土,,,火,,,金,,,,,火,
西成区,千本北,２丁目,7番,上記以外,,,水土,,火,,,金,,,,,火,
西成区,千本北,２丁目,8番,軽四輪車(小さい車)で収集している地域,,水土,,,火,,,金,,,,,火,
西成区,千本北,２丁目,8番,上記以外,,,水土,,火,,,金,,,,,火,
西成区,千本北,２丁目,9番,軽四輪車(小さい車)で収集している地域,,水土,,,火,,,金,,,,,火,
西成区,千本北,２丁目,9番,上記以外,,,水土,,火,,,金,,,,,火,
西成区,千本北,２丁目,10番,,,,水土,,火,,,金,,,,,火,
西成区,千本北,２丁目,11番,1番~12番･27号,,,水土,,火,,,金,,,,,火,
西成区,千本北,２丁目,11番,16号~24号,,水土,,,火,,,金,,,,,火,
西成区,千本北,２丁目,12番,1号~6号･13号~20号,,,水土,,火,,,金,,,,,火,
西成区,千本北,２丁目,12番,7号~12号,,水土,,,,火,,,金,,,,火,
西成区,千本北,２丁目,13番,10号,,水土,,,火,,,金,,,,,火,
西成区,千本北,２丁目,13番,上記以外,,,水土,,火,,,金,,,,,火,
西成区,千本北,２丁目,14番,1号~6号,,,水土,,,火,,,金,,,,火,
西成区,千本北,２丁目,14番,7号~10号,,水土,,,火,,,金,,,,,火,
西成区,千本北,２丁目,14番,12号~21号,,,水土,,火,,,金,,,,,火,
西成区,千本北,２丁目,15番,,水土,,,,,火,,,金,,,,火,
西成区,千本北,２丁目,16番,,,水土,,,,火,,,金,,,,火,
西成区,千本北,２丁目,17番,,,水土,,,,火,,,金,,,,火,
西成区,千本北,２丁目,18番,1号~3号･13号~26号,,水土,,,,火,,,金,,,,火,
西成区,千本北,２丁目,18番,4号~12号,,水土,,,火,,,金,,,,,火,
西成区,千本北,２丁目,19番,1号~5号,,水土,,,火,,,金,,,,,火,
西成区,千本北,２丁目,19番,7号~13号,,,水土,,火,,,金,,,,,火,
西成区,千本北,２丁目,19番,15号~16号･19号,,水土,,,火,,,金,,,,,火,
西成区,千本北,２丁目,19番,17号,,,水土,,火,,,金,,,,,火,
西成区,千本北,２丁目,20番,20号~26号,,水土,,,火,,,金,,,,,火,
西成区,千本北,２丁目,20番,上記以外,,,水土,,火,,,金,,,,,火,
西成区,千本北,２丁目,22番,1号~17号,,,水土,,火,,,金,,,,,火,
西成区,千本北,２丁目,22番,18号~21号,,,水土,,,火,,,金,,,,火,
西成区,千本北,２丁目,23番,,,,水土,,火,,,金,,,,,火,
西成区,千本北,２丁目,24番,1号~10号,,水土,,,,火,,,金,,,,火,
西成区,千本北,２丁目,24番,18号~22号,,水土,,,,火,,,金,,,,火,
西成区,千本北,２丁目,24番,12号･14号~16号,,,水土,,火,,,金,,,,,火,
西成区,千本北,２丁目,24番,13号,,水土,,,火,,,金,,,,,火,
西成区,千本北,２丁目,25番,1号,,水土,,,火,,,金,,,,,火,
西成区,千本北,２丁目,25番,2号~8号,,水土,,,,火,,,金,,,,火,
西成区,千本北,２丁目,25番,10号~15号,,,水土,,火,,,金,,,,,火,
西成区,千本北,２丁目,25番,16号~17号,,水土,,,火,,,金,,,,,火,
西成区,千本北,２丁目,26番,1号~4号･13号~18号,,水土,,,火,,,金,,,,,火,
西成区,千本北,２丁目,26番,5号~11号,,水土,,,,火,,,金,,,,火,
西成区,千本北,２丁目,27番,,,水土,,,火,,,金,,,,,火,
西成区,千本北,２丁目,28番,,,水土,,,火,,,金,,,,,火,
西成区,千本北,２丁目,29番,1号~13号,,水土,,,火,,,金,,,,,火,
西成区,千本北,２丁目,29番,15号~21号,,,水土,,火,,,金,,,,,火,
西成区,千本北,２丁目,29番,23号~29号,,水土,,,,火,,,金,,,,火,
西成区,千本北,２丁目,30番,,,,水土,,火,,,金,,,,,火,
西成区,千本北,２丁目,31番,3号~9号,,水土,,,火,,,金,,,,,火,
西成区,千本北,２丁目,31番,上記以外,,,水土,,火,,,金,,,,,火,
西成区,千本北,２丁目,32番,1号~5号,,,水土,,,火,,,金,,,,火,
西成区,千本北,２丁目,32番,10号~19号,,,水土,,火,,,金,,,,,火,
西成区,千本北,２丁目,32番,22号,,水土,,,火,,,金,,,,,火,
西成区,千本北,２丁目,32番,30号~39号,,水土,,,火,,,金,,,,,火,
西成区,千本北,２丁目,32番,41号~43号,,,水土,,火,,,金,,,,,火,
西成区,千本中,１丁目,1番,,,,水土,,火,,,金,,,火,,,
西成区,千本中,１丁目,2番,,,,水土,,火,,,金,,,火,,,
西成区,千本中,１丁目,3番,,,,水土,,火,,,金,,,火,,,
西成区,千本中,１丁目,4番,,,,水土,,火,,,金,,,火,,,
西成区,千本中,１丁目,5番,,,,水土,,火,,,金,,,火,,,
西成区,千本中,１丁目,6番,,,,水土,,火,,,金,,,火,,,
西成区,千本中,１丁目,7番,1号~9号,,,水土,,,火,,,金,,火,,,
西成区,千本中,１丁目,7番,11号･12号,,,水土,,火,,,金,,,火,,,
西成区,千本中,１丁目,7番,15号~19号,,,水土,,,火,,,金,,火,,,
西成区,千本中,１丁目,7番,20号~23号,,水土,,,,火,,,金,,火,,,
西成区,千本中,１丁目,7番,25号,,,水土,,,火,,,金,,火,,,
西成区,千本中,１丁目,9番,1号~20号,,,水土,,火,,,金,,,火,,,
西成区,千本中,１丁目,9番,23号,,水土,,,火,,,金,,,火,,,
西成区,千本中,１丁目,9番,25号~31号,,,水土,,火,,,金,,,火,,,
西成区,千本中,１丁目,10番,1号~17号,,,水土,,火,,,金,,,火,,,
西成区,千本中,１丁目,10番,18号~23号,,水土,,,,火,,,金,,火,,,
西成区,千本中,１丁目,10番,25号~28号,,,水土,,,火,,,金,,火,,,
西成区,千本中,１丁目,11番,,,,水土,,火,,,金,,,火,,,
西成区,千本中,１丁目,12番,5号~8号,,水土,,,火,,,金,,,火,,,
西成区,千本中,１丁目,12番,12号~18号,,,水土,,火,,,金,,,火,,,
西成区,千本中,１丁目,13番,1号~6号,,,水土,,,火,,,金,,火,,,
西成区,千本中,１丁目,13番,7号~10号,,,水土,,火,,,金,,,火,,,
西成区,千本中,１丁目,13番,12号~16号,,,水土,,,火,,,金,,火,,,
西成区,千本中,１丁目,13番,17号~20号,,水土,,,,火,,,金,,火,,,
西成区,千本中,１丁目,14番,2号~4号,,,水土,,,火,,,金,,火,,,
西成区,千本中,１丁目,14番,5号~11号,,,水土,,火,,,金,,,火,,,
西成区,千本中,１丁目,14番,14号~21号,,水土,,,,火,,,金,,火,,,
西成区,千本中,１丁目,15番,1号~5号,,水土,,,,火,,,金,,,,火,
西成区,千本中,１丁目,15番,6号~28号,,水土,,,火,,,金,,,,,火,
西成区,千本中,１丁目,16番,,,水土,,,火,,,金,,,,,火,
西成区,千本中,１丁目,17番,,,水土,,,火,,,金,,,,,火,
西成区,千本中,１丁目,18番,,,水土,,,火,,,金,,,,,火,
西成区,千本中,１丁目,19番,,,水土,,,火,,,金,,,,,火,
西成区,千本中,２丁目,1番,1号~6号,,水土,,,火,,,金,,,,,火,
西成区,千本中,２丁目,1番,8号~11号,,,水土,,火,,,金,,,,,火,
西成区,千本中,２丁目,1番,18号~22号,,,水土,,火,,,金,,,,,火,
西成区,千本中,２丁目,1番,25号~29号,,水土,,,火,,,金,,,,,火,
西成区,千本中,２丁目,2番,軽四輪車(小さい車)で収集している地域,,,水土,,火,,,金,,,,,火,
西成区,千本中,２丁目,2番,上記以外,,水土,,,火,,,金,,,,,火,
西成区,千本中,２丁目,3番,1号~3号,,水土,,,火,,,金,,,,,火,
西成区,千本中,２丁目,3番,6号~14号,,,水土,,火,,,金,,,,,火,
西成区,千本中,２丁目,3番,16号~18号･30号,,水土,,,火,,,金,,,,,火,
西成区,千本中,２丁目,3番,19号~29号,水土,,,,火,,,金,,,,,火,
西成区,千本中,２丁目,4番,,,,水土,,火,,,金,,,,,火,
西成区,千本中,２丁目,5番,1号~6号･24号~29号,,,水土,,火,,,金,,,,,火,
西成区,千本中,２丁目,5番,8号~20号,,水土,,,火,,,金,,,,,火,
西成区,千本中,２丁目,6番,1号~16号,,水土,,,火,,,金,,,,,火,
西成区,千本中,２丁目,6番,18号~32号,,,水土,,火,,,金,,,,,火,
西成区,千本中,２丁目,7番,1号~22号,,水土,,,火,,,金,,,,,火,
西成区,千本中,２丁目,7番,24号,,,水土,,火,,,金,,,,,火,
西成区,千本中,２丁目,7番,26号~30号,,水土,,,火,,,金,,,,,火,
西成区,千本中,２丁目,7番,33号,,,水土,,火,,,金,,,,,火,
西成区,千本中,２丁目,8番,,,水土,,,火,,,金,,,,,火,
西成区,千本中,２丁目,9番,3号~5号,,水土,,,火,,,金,,,,,火,
西成区,千本中,２丁目,9番,軽四輪車(小さい車)で収集している地域,,,水土,,火,,,金,,,,,火,
西成区,千本中,２丁目,9番,上記以外,,水土,,,火,,,金,,,,,火,
西成区,千本中,２丁目,10番,1号~17号(軽四輪車(小さい車)で収集している地域),,,水土,,火,,,金,,,,,火,
西成区,千本中,２丁目,10番,1号~17号　上記以外,,水土,,,火,,,金,,,,,火,
西成区,千本中,２丁目,10番,18号~24号(軽四輪車(小さい車)で収集している地域),,,水土,,,火,,,金,,,,火,
西成区,千本中,２丁目,10番,18号~24号　上記以外,,水土,,,,火,,,金,,,,火,
西成区,千本中,２丁目,11番,1号~9号,,,水土,,火,,,金,,,,,火,
西成区,千本中,２丁目,11番,10号~17号,,,水土,,,火,,,金,,,,火,
西成区,千本中,２丁目,12番,1号~4号,,,水土,,,火,,,金,,,,火,
西成区,千本中,２丁目,12番,6号~12号,,,水土,,火,,,金,,,,,火,
西成区,千本中,２丁目,12番,15号~20号･26号,,水土,,,火,,,金,,,,,火,
西成区,千本南,１丁目,1番,,,,水土,,火,,,金,,,火,,,
西成区,千本南,１丁目,2番,1号~3号･13号~19号,,,水土,,火,,,金,,,火,,,
西成区,千本南,１丁目,2番,5号~9号,,,水土,,,火,,,金,,火,,,
西成区,千本南,１丁目,3番,1号~14号,,,水土,,火,,,金,,,火,,,
西成区,千本南,１丁目,3番,15号~32号,,,水土,,,火,,,金,,火,,,
西成区,千本南,１丁目,4番,1号~21号,,,水土,,,火,,,金,,火,,,
西成区,千本南,１丁目,4番,22号~25号,,水土,,,,火,,,金,,火,,,
西成区,千本南,１丁目,4番,26号~29号,,,水土,,,火,,,金,,火,,,
西成区,千本南,１丁目,4番,30号~33号,,,水土,,火,,,金,,,火,,,
西成区,千本南,１丁目,5番,1号~13号,,,水土,,,火,,,金,,火,,,
西成区,千本南,１丁目,5番,14号~23号,,,水土,,火,,,金,,,火,,,
西成区,千本南,１丁目,6番,1号~9号,,水土,,,火,,,金,,,火,,,
西成区,千本南,１丁目,6番,14号~22号,,,水土,,,火,,,金,,火,,,
西成区,千本南,１丁目,7番,,,水土,,,火,,,金,,,火,,,
西成区,千本南,１丁目,8番,1号~7号,,,水土,,火,,,金,,,,,火,
西成区,千本南,１丁目,8番,8号~18号,,水土,,,火,,,金,,,,,火,
西成区,千本南,１丁目,9番,,,水土,,,火,,,金,,,,,火,
西成区,千本南,１丁目,10番,,,水土,,,火,,,金,,,,,火,
西成区,千本南,１丁目,11番,,,水土,,,火,,,金,,,,,火,
西成区,千本南,１丁目,12番,1号~18号,,,水土,,火,,,金,,,,,火,
西成区,千本南,１丁目,12番,19号~26号,,水土,,,火,,,金,,,,,火,
西成区,千本南,１丁目,13番,1号~15号,,,水土,,火,,,金,,,火,,,
西成区,千本南,１丁目,13番,16号~19号,,,水土,,,火,,,金,,火,,,
西成区,千本南,１丁目,13番,21号･25号~27号,,水土,,,,火,,,金,,火,,,
西成区,千本南,１丁目,13番,22号~24号･28号~30号,,水土,,,,火,,,金,,火,,,
西成区,千本南,１丁目,14番,1号~12号,,,水土,,火,,,金,,,火,,,
西成区,千本南,１丁目,14番,13号~20号,,,水土,,,火,,,金,,火,,,
西成区,千本南,１丁目,15番,1号~15号,,,水土,,火,,,金,,,火,,,
西成区,千本南,１丁目,15番,16号~34号,,,水土,,,火,,,金,,火,,,
西成区,千本南,１丁目,16番,,,,水土,,火,,,金,,,火,,,
西成区,千本南,１丁目,17番,,,,水土,,火,,,金,,,火,,,
西成区,千本南,１丁目,18番,,,,水土,,火,,,金,,,,,火,
西成区,千本南,１丁目,19番,,,,水土,,火,,,金,,,,,火,
西成区,千本南,１丁目,20番,,,,水土,,火,,,金,,,,,火,
西成区,千本南,１丁目,21番,,,,水土,,火,,,金,,,,,火,
西成区,千本南,１丁目,22番,,,,水土,,火,,,金,,,火,,,
西成区,千本南,１丁目,23番,,,,水土,,火,,,金,,,,,火,
西成区,千本南,２丁目,1番,1号~17号,,,水土,,火,,,金,,,,,火,
西成区,千本南,２丁目,1番,28号~33号,,水土,,,火,,,金,,,,,火,
西成区,千本南,２丁目,1番,18号~27号,,,水土,,,火,,,金,,,,火,
西成区,千本南,２丁目,2番,12号~13号･25号~27号,,,水土,,火,,,金,,,,,火,
西成区,千本南,２丁目,2番,上記以外,,水土,,,火,,,金,,,,,火,
西成区,千本南,２丁目,3番,,,,水土,,火,,,金,,,,,火,
西成区,千本南,２丁目,4番,,,,水土,,火,,,金,,,,,火,
西成区,千本南,２丁目,5番,,,,水土,,火,,,金,,,,,火,
西成区,千本南,２丁目,6番,,,,水土,,火,,,金,,,,,火,
西成区,千本南,２丁目,7番,,,,水土,,火,,,金,,,,,火,
西成区,千本南,２丁目,8番,1号~12号,,,水土,,火,,,金,,,,,火,
西成区,千本南,２丁目,8番,13号~24号,,,水土,,,火,,,金,,,,火,
西成区,千本南,２丁目,9番,,,,水土,,火,,,金,,,,,火,
西成区,千本南,２丁目,10番,,,,水土,,火,,,金,,,,,火,
西成区,千本南,２丁目,11番,1号~9号,,,水土,,,火,,,金,,,,火,
西成区,千本南,２丁目,11番,10号~22号,,,水土,,火,,,金,,,,,火,
西成区,千本南,２丁目,11番,24号~29号,,水土,,,火,,,金,,,,,火,
西成区,千本南,２丁目,12番,,,,水土,,火,,,金,,,,,火,
西成区,千本南,２丁目,13番,,,,水土,,火,,,金,,,,,火,
西成区,千本南,２丁目,14番,12号~14号,,,水土,,,火,,,金,,,,火,
西成区,千本南,２丁目,14番,上記以外,,,水土,,火,,,金,,,,,火,
西成区,千本南,２丁目,15番,1号~3号･24号~30号,,,水土,,火,,,金,,,,,火,
西成区,千本南,２丁目,15番,4号~23号･31号~33号,,,水土,,,火,,,金,,,,火,
西成区,千本南,２丁目,16番,1号~7号,,,水土,,火,,,金,,,,,火,
西成区,千本南,２丁目,16番,8号~10号,,,水土,,,火,,,金,,,,火,
西成区,千本南,２丁目,16番,11号~20号,,,水土,,火,,,金,,,,,火,
西成区,千本南,２丁目,16番,25号,,,水土,,火,,,金,,,,,火,
西成区,千本南,２丁目,16番,39号~47号,,水土,,,火,,,金,,,,,火,
西成区,千本南,２丁目,16番,49号~52号,,,水土,,火,,,金,,,,,火,
西成区,北津守,１丁目,1番,,,火金,,,,月,,,木,,木,,,
西成区,北津守,１丁目,2番,,,火金,,,月,,,木,,,木,,,
西成区,北津守,１丁目,3番,,,火金,,,月,,,木,,,木,,,
西成区,北津守,１丁目,4番,,,火金,,,月,,,木,,,木,,,
西成区,北津守,１丁目,5番,,,火金,,,月,,,木,,,木,,,
西成区,北津守,１丁目,6番,,,火金,,,月,,,木,,,木,,,
西成区,北津守,２丁目,,,,火金,,,月,,,木,,,木,,,
西成区,北津守,３丁目,,,,火金,,,月,,,木,,,木,,,
西成区,北津守,４丁目,1番,,,火金,,,月,,,木,,,木,,,
西成区,北津守,４丁目,2番,,,火金,,,月,,,木,,,木,,,
西成区,北津守,４丁目,3番,,,火金,,,月,,,木,,,木,,,
西成区,北津守,４丁目,4番,,,火金,,,月,,,木,,,木,,,
西成区,北津守,４丁目,5番,,,火金,,,月,,,木,,,木,,,
西成区,北津守,４丁目,6番,,,火金,,,月,,,木,,,木,,,
西成区,北津守,４丁目,7番,10号~18号,,火金,,,,月,,,木,,木,,,
西成区,北津守,４丁目,7番,19号~25号,,火金,,,月,,,木,,,木,,,
西成区,北津守,４丁目,8番,,,火金,,,,月,,,木,,木,,,
西成区,北津守,４丁目,9番,,,火金,,,,月,,,木,,木,,,
西成区,北津守,４丁目,10番,28号~29号,,,火金,,月,,,木,,,木,,,
西成区,北津守,４丁目,10番,上記以外,,火金,,,月,,,木,,,木,,,
西成区,北津守,４丁目,11番,9号~15号,,,火金,,月,,,木,,,木,,,
西成区,北津守,４丁目,11番,上記以外,,火金,,,月,,,木,,,木,,,
西成区,北津守,４丁目,12番,11号~12号,,,火金,,月,,,木,,,木,,,
西成区,北津守,４丁目,12番,上記以外,,火金,,,月,,,木,,,木,,,
西成区,北津守,４丁目,13番,,,火金,,,,月,,,木,,木,,,
西成区,北津守,４丁目,14番,,,火金,,,,月,,,木,,木,,,
西成区,津守,１丁目,1番,,,,火金,,,月,,,木,,,水,,
西成区,津守,１丁目,2番,,,,火金,,,月,,,木,,,水,,
西成区,津守,１丁目,3番,,,,火金,,,月,,,木,,,水,,
西成区,津守,１丁目,4番,,,,火金,,,月,,,木,,,水,,
西成区,津守,１丁目,5番,,,,火金,,,月,,,木,,,水,,
西成区,津守,１丁目,6番,,,,火金,,,月,,,木,,,水,,
西成区,津守,１丁目,7番,,,月木,,,水,,,土,,,,水,,
西成区,津守,１丁目,8番,,,,火金,,,月,,,木,,,水,,
西成区,津守,１丁目,9番,,,,火金,,,月,,,木,,,水,,
西成区,津守,１丁目,10番,,,火金,,,,月,,,木,,木,,,
西成区,津守,１丁目,11番,,,火金,,,月,,,木,,,木,,,
西成区,津守,１丁目,12番,,,火金,,,月,,,木,,,木,,,
西成区,津守,１丁目,13番,,,月木,,,水,,,土,,,,水,,
西成区,津守,１丁目,14番,,,月木,,,水,,,土,,,,水,,
西成区,津守,２丁目,1番,,,火金,,,水,,,土,,,,水,,
西成区,津守,２丁目,2番,,,,月木,,水,,,土,,,,水,,
西成区,津守,２丁目,3番,,,,月木,,水,,,土,,,,水,,
西成区,津守,２丁目,4番,,,,月木,,水,,,土,,,,水,,
西成区,津守,２丁目,5番,,,,月木,,水,,,土,,,,水,,
西成区,津守,２丁目,6番,1号~4号,,,月木,,水,,,土,,,,水,,
西成区,津守,２丁目,6番,6号･17号~19号,,,月木,,水,,,土,,,,水,,
西成区,津守,２丁目,6番,7号~9号,,月木,,,水,,,土,,,,水,,
西成区,津守,２丁目,7番,19号~30号,,月木,,,水,,,土,,,,水,,
西成区,津守,２丁目,8番,,,月木,,,水,,,土,,,,水,,
西成区,津守,３丁目,1番,,,,月木,,水,,,土,,,,水,,
西成区,津守,３丁目,2番,,,,月木,,水,,,土,,,,水,,
西成区,津守,３丁目,4番,,,月木,,,水,,,土,,,,水,,
西成区,津守,３丁目,5番,,,月木,,,水,,,土,,,,水,,
西成区,津守,３丁目,6番,,,月木,,,水,,,土,,,,水,,
西成区,津守,３丁目,7番,,,月木,,,水,,,土,,,,水,,
西成区,津守,３丁目,8番,,,月木,,,水,,,土,,,,水,,
西成区,南津守,１丁目,,,,,月木,,水,,,土,,,,水,,
西成区,南津守,２丁目,,,,月木,,,水,,,土,,,火,,,
西成区,南津守,３丁目,1番,,,,月木,,火,,,金,,,火,,,
西成区,南津守,３丁目,2番,,,,月木,,火,,,金,,,火,,,
西成区,南津守,３丁目,3番,,,,月木,,火,,,金,,,火,,,
西成区,南津守,３丁目,4番,,,,月木,,火,,,金,,,火,,,
西成区,南津守,３丁目,5番,1号~4号･33号~45号,,,月木,,,火,,,金,,火,,,
西成区,南津守,３丁目,5番,5号~19号,,,月木,,,火,,,金,,火,,,
西成区,南津守,３丁目,6番,1号~11号,,,月木,,火,,,金,,,火,,,
西成区,南津守,３丁目,6番,12号~39号,,,月木,,火,,,金,,,火,,,
西成区,南津守,３丁目,7番,,,,月木,,火,,,金,,,火,,,
西成区,南津守,３丁目,8番,,,,月木,,火,,,金,,,火,,,
西成区,南津守,３丁目,9番,2号~12号,,,月木,,,火,,,金,,火,,,
西成区,南津守,３丁目,9番,15号~30号,,,月木,,火,,,金,,,火,,,
西成区,南津守,３丁目,10番,3号~16号･29号,,,月木,,火,,,金,,,火,,,
西成区,南津守,３丁目,10番,20号~28号,,,月木,,,火,,,金,,火,,,
西成区,南津守,４丁目,,,,月木,,,火,,,金,,,火,,,
西成区,南津守,５丁目,,,,月木,,,水,,,土,,,火,,,
西成区,南津守,６丁目,,,,月木,,,水,,,土,,,火,,,
西成区,南津守,７丁目,1番,,,月木,,,水,,,土,,,火,,,
西成区,南津守,７丁目,2番,,,月木,,,水,,,土,,,火,,,
西成区,南津守,７丁目,3番,,,月木,,,水,,,土,,,火,,,
西成区,南津守,７丁目,4番,,,月木,,,水,,,土,,,火,,,
西成区,南津守,７丁目,5番,,,月木,,,水,,,土,,,火,,,
西成区,南津守,７丁目,6番,,,月木,,,水,,,土,,,火,,,
西成区,南津守,７丁目,7番,,,月木,,,水,,,土,,,火,,,
西成区,南津守,７丁目,8番,,,月木,,,水,,,土,,,火,,,
西成区,南津守,７丁目,9番,,,月木,,,水,,,土,,,火,,,
西成区,南津守,７丁目,10番,,,月木,,,水,,,土,,,火,,,
西成区,南津守,７丁目,11番,,,月木,,,水,,,土,,,火,,,
西成区,南津守,７丁目,12番,,,月木,,,水,,,土,,,火,,,
西成区,南津守,７丁目,13番,,,月木,,,水,,,土,,,火,,,
西成区,南津守,７丁目,14番,,,月木,,,水,,,土,,,火,,,
西成区,南津守,７丁目,15番,,,月木,,,水,,,土,,,火,,,
西成区,南津守,７丁目,16番,1号~21号,,月木,,,水,,,土,,,火,,,
西成区,南津守,７丁目,16番,26号･27号,,月木,,,,水,,,土,,火,,,
西成区,南津守,７丁目,17番,,,月木,,,水,,,土,,,火,,,
西成区,南津守,７丁目,18番,,,月木,,,水,,,土,,,火,,,
西成区,南津守,７丁目,19番,,,月木,,,水,,,土,,,火,,,
